,artist_name,song_names,song_popularity,acousticness,danceability,duration_ms,energy,instrumentalness,key,liveness,loudness,mode,speechiness,tempo,time_signature,valence
0,Drake,God's Plan,88,0.0332,0.754,198973,0.449,8.29e-05,7,0.552,-9.211,1,0.109,77.169,4,0.357
1,Drake,In My Feelings,87,0.0589,0.835,217925,0.626,6e-05,1,0.396,-5.833,1,0.125,91.03,4,0.35
2,Drake,Nonstop,87,0.0164,0.912,238614,0.412,0.013,7,0.104,-8.074,1,0.124,154.983,4,0.422
3,Drake,Look Alive (feat. Drake),85,0.00104,0.922,181263,0.581,5.86e-05,10,0.105,-7.495,1,0.27,140.022,4,0.595
4,Drake,Nice For What,84,0.0891,0.586,210747,0.909,0.000109,8,0.119,-6.474,1,0.0705,93.394,4,0.757
5,Drake,Yes Indeed,84,0.035,0.964,142273,0.346,0,5,0.108,-9.309,0,0.53,119.958,4,0.562
6,Drake,"Never Recover (Lil Baby & Gunna, Drake)",84,0.0716,0.757,194732,0.69,0,1,0.192,-5.327,0,0.282,132.064,4,0.914
7,Drake,One Dance,81,0.00842,0.796,173987,0.61,0.00286,1,0.351,-5.857,1,0.0516,103.99,4,0.391
8,Drake,Don’t Matter To Me (with Michael Jackson),80,0.493,0.826,245787,0.318,0.0131,10,0.11,-12.391,1,0.0574,103.002,4,0.138
9,Drake,Passionfruit,80,0.304,0.804,298941,0.459,0.0862,11,0.11,-11.556,1,0.039,111.963,4,0.372
0,Post Malone,Sunflower - Spider-Man: Into the Spider-Verse,98,0.556,0.76,158040,0.479,0,2,0.0703,-5.574,1,0.0466,89.911,4,0.913
1,Post Malone,Wow.,97,0.163,0.833,149520,0.539,2.1e-06,11,0.101,-7.399,0,0.178,99.947,4,0.385
2,Post Malone,Better Now,91,0.354,0.68,231267,0.563,0,10,0.136,-5.843,1,0.0454,145.028,4,0.374
3,Post Malone,rockstar (feat. 21 Savage),90,0.117,0.587,218147,0.535,6.56e-05,5,0.131,-6.09,0,0.0898,159.847,4,0.14
4,Post Malone,Psycho (feat. Ty Dolla $ign),87,0.58,0.739,221440,0.559,0,8,0.112,-8.011,1,0.117,140.124,4,0.439
5,Post Malone,I Fall Apart,86,0.0689,0.556,223347,0.538,0,8,0.196,-5.408,0,0.0382,143.95,4,0.291
6,Post Malone,Congratulations,85,0.215,0.63,220293,0.804,0,6,0.253,-4.183,1,0.0363,123.146,4,0.492
7,Post Malone,Candy Paint,82,0.627,0.67,227533,0.654,1.02e-06,4,0.071,-5.944,1,0.153,180.024,4,0.438
8,Post Malone,Go Flex,81,0.228,0.665,179613,0.498,0,5,0.0757,-8.185,1,0.0831,81.967,4,0.127
9,Post Malone,White Iverson,80,0.233,0.675,256533,0.562,0,7,0.0816,-7.678,1,0.0352,130.098,4,0.309
0,XXXTENTACION,SAD!,91,0.258,0.74,166606,0.613,0.00372,8,0.123,-4.88,1,0.145,75.023,4,0.473
1,XXXTENTACION,Arms Around You (feat. Maluma & Swae Lee),90,0.0302,0.703,198903,0.723,2.06e-06,9,0.126,-5.45,0,0.0412,104.969,4,0.288
2,XXXTENTACION,Moonlight,90,0.556,0.921,135090,0.537,0.00404,9,0.102,-5.723,0,0.0804,128.009,4,0.711
3,XXXTENTACION,Jocelyn Flores,88,0.469,0.872,119133,0.391,4.13e-06,0,0.297,-9.144,0,0.242,134.021,4,0.437
4,XXXTENTACION,whoa (mind in awe),87,0.653,0.735,157777,0.525,0.918,6,0.101,-2.939,0,0.0441,160.147,4,0.369
5,XXXTENTACION,changes,86,0.883,0.669,121887,0.308,0,11,0.0984,-10.068,1,0.029,64.934,4,0.52
6,XXXTENTACION,Falling Down - Bonus Track,86,0.0175,0.669,196400,0.574,0.00294,4,0.146,-6.442,0,0.0286,120.013,4,0.273
7,XXXTENTACION,Fuck Love (feat. Trippie Redd),86,0.0172,0.797,146520,0.533,0.000152,0,0.103,-9.74,0,0.0412,131.036,4,0.329
8,XXXTENTACION,Everybody Dies In Their Nightmares,84,0.847,0.734,95467,0.57,2.14e-05,7,0.112,-7.066,0,0.133,129.953,4,0.689
9,XXXTENTACION,BAD!,79,0.0643,0.78,94246,0.492,0.0313,5,0.174,-3.4,0,0.0671,143.983,4,0.374
0,J Balvin,I Like It,88,0.099,0.816,253390,0.726,0,5,0.372,-3.998,0,0.129,136.048,4,0.65
1,J Balvin,Reggaeton,88,0.0165,0.747,158800,0.74,9.94e-05,4,0.101,-4.325,0,0.191,176.059,4,0.552
2,J Balvin,Say My Name,72,0.137,0.703,198947,0.66,0,10,0.192,-5.119,0,0.123,95.031,4,0.79
3,J Balvin,X,82,0.0364,0.595,173628,0.773,0.00108,9,0.334,-4.736,0,0.0549,180.073,4,0.711
4,J Balvin,Ponle,80,0.187,0.857,164765,0.772,0.00181,10,0.0851,-4.736,0,0.194,94.028,4,0.589
5,J Balvin,No Es Justo,79,0.161,0.684,250840,0.811,0.000363,7,0.0871,-4.494,1,0.0714,87.866,4,0.721
6,J Balvin,Mocca - Remix,79,0.213,0.732,202876,0.758,0,11,0.388,-1.694,1,0.189,98.007,4,0.78
7,J Balvin,Downtown,78,0.18,0.775,193456,0.679,7.26e-05,4,0.068,-4.985,0,0.135,166.008,4,0.619
8,J Balvin,X - Remix,78,0.0561,0.663,235747,0.696,3.77e-05,9,0.0778,-4.957,0,0.103,180.113,4,0.738
9,J Balvin,Familiar,76,0.0161,0.636,196552,0.805,0,9,0.0793,-4.594,1,0.327,92.958,4,0.908
0,Ed Sheeran,Perfect,87,0.163,0.599,263400,0.448,0,8,0.106,-6.312,1,0.0232,95.05,3,0.168
1,Ed Sheeran,Shape of You,85,0.581,0.825,233713,0.652,0,1,0.0931,-3.183,0,0.0802,95.977,4,0.931
2,Ed Sheeran,Happier,84,0.536,0.522,207520,0.385,0,0,0.135,-7.355,1,0.0288,89.792,4,0.236
3,Ed Sheeran,Photograph,66,0.607,0.614,258987,0.379,0.000464,4,0.0986,-10.48,1,0.0476,107.989,4,0.201
4,Ed Sheeran,Thinking out Loud,67,0.474,0.781,281560,0.445,0,2,0.184,-6.061,1,0.0295,78.998,4,0.591
5,Ed Sheeran,Perfect Duet (Ed Sheeran & Beyoncé),82,0.779,0.587,259550,0.299,0,8,0.123,-7.365,1,0.0263,94.992,3,0.356
6,Ed Sheeran,Galway Girl,81,0.0735,0.624,170827,0.876,0,9,0.327,-3.374,1,0.1,99.943,4,0.781
7,Ed Sheeran,Castle on the Hill,80,0.0232,0.461,261154,0.834,1.14e-05,2,0.14,-4.868,1,0.0989,135.007,4,0.471
8,Ed Sheeran,Supermarket Flowers,78,0.914,0.589,221107,0.242,0,6,0.0887,-10.517,1,0.0442,89.749,4,0.257
9,Ed Sheeran,Dive,78,0.355,0.761,238440,0.386,0,4,0.0953,-6.158,1,0.0399,134.943,3,0.526
0,Eminem,Lucky You (feat. Joyner Lucas),84,0.0627,0.876,244679,0.786,0,10,0.127,-4.884,0,0.306,153.068,4,0.575
1,Eminem,'Till I Collapse,83,0.0757,0.572,297893,0.853,0,1,0.0798,-3.203,1,0.217,171.297,4,0.102
2,Eminem,Killshot,81,0.0989,0.892,253580,0.651,0,0,0.371,-8.645,0,0.378,105.814,4,0.599
3,Eminem,Venom - Music From The Motion Picture,81,0.0193,0.749,269554,0.794,0,0,0.543,-5.063,1,0.064,135.959,4,0.46
4,Eminem,River (feat. Ed Sheeran),80,0.142,0.748,221013,0.749,0,8,0.0713,-5.916,0,0.516,90.09,4,0.659
5,Eminem,Love The Way You Lie,80,0.241,0.749,263373,0.925,0,10,0.52,-5.034,1,0.227,86.989,4,0.641
6,Eminem,"Lose Yourself - From ""8 Mile"" Soundtrack",80,0.00704,0.698,326467,0.732,0.000647,2,0.359,-4.522,1,0.266,171.431,4,0.0689
7,Eminem,Without Me,80,0.00348,0.929,290227,0.65,0,7,0.308,-2.882,1,0.0858,112.249,4,0.655
8,Eminem,The Ringer,79,0.0311,0.939,337941,0.551,0,1,0.192,-9.126,1,0.291,118.552,4,0.42
9,Eminem,Fall,77,0.227,0.83,262494,0.546,0,1,0.112,-5.716,1,0.295,182.973,4,0.535
0,Bad Bunny,MIA (feat. Drake),94,0.0141,0.817,210368,0.539,0.000496,6,0.099,-6.349,0,0.0621,97.062,4,0.158
1,Bad Bunny,I Like It,88,0.099,0.816,253390,0.726,0,5,0.372,-3.998,0,0.129,136.048,4,0.65
2,Bad Bunny,NI BIEN NI MAL,88,0.556,0.826,236216,0.449,1.85e-05,5,0.273,-8.33,0,0.0674,128.028,4,0.337
3,Bad Bunny,Te Boté - Remix,86,0.542,0.903,417920,0.675,1.28e-05,11,0.0595,-3.445,0,0.214,96.507,4,0.442
4,Bad Bunny,Solo de Mi,80,0.287,0.743,197968,0.73,8.1e-05,10,0.0778,-4.314,0,0.125,179.972,4,0.15
5,Bad Bunny,Está Rico,82,0.266,0.817,215151,0.74,0,11,0.0992,-4.566,0,0.283,130.04,4,0.674
6,Bad Bunny,Caro,82,0.627,0.651,229456,0.575,0.000202,0,0.0961,-7.739,1,0.299,160.007,4,0.248
7,Bad Bunny,Estamos Bien,79,0.821,0.759,208080,0.536,4.57e-06,9,0.107,-6.663,0,0.173,119.883,4,0.439
8,Bad Bunny,Otra Noche en Miami,79,0.197,0.514,233128,0.646,2.3e-05,1,0.0958,-8.833,1,0.275,88.661,4,0.297
9,Bad Bunny,La Romana,79,0.0327,0.655,300579,0.725,0.00264,0,0.0611,-5.497,1,0.188,125.8,4,0.326
0,Ozuna,"Taki Taki (with Selena Gomez, Ozuna & Cardi B)",95,0.153,0.841,212500,0.798,3.33e-06,1,0.0618,-4.206,0,0.229,95.948,4,0.591
1,Ozuna,Baila Baila Baila,90,0.0361,0.816,158400,0.754,0,11,0.217,-2.75,0,0.111,99.966,4,0.533
2,Ozuna,Vaina Loca,88,0.315,0.754,176133,0.805,0,6,0.203,-4.249,1,0.0752,93.983,4,0.555
3,Ozuna,Imposible,69,0.127,0.783,164533,0.738,0,11,0.127,-4.078,1,0.0741,90.976,4,0.925
4,Ozuna,Asesina - Remix,85,0.589,0.825,327467,0.69,0,10,0.413,-4.252,0,0.226,94.194,4,0.516
5,Ozuna,Ibiza,84,0.254,0.691,200747,0.71,0,5,0.108,-5.144,1,0.334,192.046,4,0.726
6,Ozuna,Luz Apaga,82,0.19,0.611,245000,0.791,3.02e-06,1,0.12,-3.558,1,0.173,192.07,4,0.658
7,Ozuna,Devuelveme,81,0.554,0.744,188907,0.769,6.96e-06,11,0.102,-4.112,1,0.156,176.002,4,0.784
8,Ozuna,Criminal,80,0.03,0.814,232550,0.813,9.33e-05,2,0.255,-3.023,0,0.0561,79.997,4,0.839
9,Ozuna,Callao,80,0.0073,0.73,219947,0.836,0,3,0.0371,-4.277,0,0.0409,92.043,4,0.879
0,Khalid,Eastside (with Halsey & Khalid),81,0.549,0.632,170770,0.686,0,6,0.2,-7.665,0,0.243,89.949,4,0.329
1,Khalid,lovely (with Khalid),90,0.934,0.351,200186,0.296,0,4,0.095,-10.109,0,0.0333,115.284,4,0.12
2,Khalid,Saturday Nights,81,0.606,0.551,210667,0.44,3.02e-05,10,0.11,-8.559,1,0.0985,167.923,4,0.341
3,Khalid,Better,86,0.0765,0.596,229320,0.552,0.334,0,0.104,-10.278,0,0.097,97.949,4,0.112
4,Khalid,Love Lies (with Normani),84,0.0956,0.708,201707,0.648,0,6,0.134,-5.626,1,0.0449,143.955,4,0.338
5,Khalid,Silence,84,0.256,0.52,180823,0.761,4.96e-06,4,0.17,-3.093,1,0.0853,141.971,4,0.286
6,Khalid,Young Dumb & Broke,84,0.199,0.798,202547,0.539,1.66e-05,1,0.165,-6.351,1,0.0421,136.949,4,0.394
7,Khalid,Talk,83,0.0501,0.9,197487,0.4,0,0,0.0876,-8.443,1,0.124,136.001,4,0.338
8,Khalid,Ocean (feat. Khalid),83,0.584,0.506,216420,0.693,9.58e-05,0,0.0891,-7.265,0,0.0412,139.912,4,0.221
9,Khalid,Location,82,0.33,0.736,219080,0.449,0.000162,1,0.0898,-11.462,0,0.425,80.126,4,0.326
0,Kendrick Lamar,HUMBLE.,84,0.000282,0.908,177000,0.621,5.39e-05,1,0.0958,-6.638,0,0.102,150.011,4,0.421
1,Kendrick Lamar,All The Stars (with SZA),83,0.0605,0.698,232187,0.633,0.000194,8,0.0926,-4.946,1,0.0597,96.924,4,0.552
2,Kendrick Lamar,DNA.,80,0.00454,0.638,185947,0.523,0,1,0.0842,-6.664,1,0.357,139.913,4,0.422
3,Kendrick Lamar,Pray For Me (with Kendrick Lamar),79,0.0762,0.735,211440,0.677,2.17e-05,2,0.111,-4.979,1,0.093,100.584,4,0.188
4,Kendrick Lamar,LOVE. FEAT. ZACARI.,79,0.264,0.8,213400,0.585,0,10,0.153,-7.343,1,0.0924,126.058,4,0.779
5,Kendrick Lamar,"King's Dead (with Kendrick Lamar, Future & James Blake)",77,0.000874,0.563,229670,0.717,0,1,0.183,-5.186,1,0.337,82.064,4,0.427
6,Kendrick Lamar,HUMBLE. - SKRILLEX REMIX,76,0.00778,0.898,156800,0.935,3.63e-05,11,0.217,-2.744,1,0.291,150.016,4,0.884
7,Kendrick Lamar,LOYALTY. FEAT. RIHANNA.,74,0.0265,0.658,227360,0.535,0,9,0.2,-8.983,0,0.0573,110.684,4,0.419
8,Kendrick Lamar,King Kunta,73,0.00589,0.884,234693,0.657,0,6,0.154,-4.569,0,0.0977,107.059,4,0.489
9,Kendrick Lamar,Big Shot (with Travis Scott),72,0.00759,0.855,221827,0.478,0,1,0.101,-9.116,1,0.193,130.018,4,0.284
0,Travis Scott,SICKO MODE,94,0.00513,0.834,312820,0.73,0,8,0.124,-3.714,1,0.222,155.008,4,0.446
1,Travis Scott,YOSEMITE,86,0.283,0.785,150043,0.554,3.4e-06,0,0.116,-6.571,1,0.0409,128.047,4,0.144
2,Travis Scott,goosebumps,84,0.0847,0.841,243837,0.728,0,7,0.149,-3.37,1,0.0484,130.049,4,0.43
3,Travis Scott,STARGAZING,83,0.00947,0.487,270715,0.789,4.05e-06,8,0.189,-3.69,1,0.044,150.007,4,0.0564
4,Travis Scott,BUTTERFLY EFFECT,82,0.0531,0.763,190557,0.628,0,11,0.114,-5.85,1,0.05,140.958,4,0.193
5,Travis Scott,CAN'T SAY,79,0.201,0.702,198408,0.708,0,10,0.118,-5.366,0,0.0547,147.98,4,0.713
6,Travis Scott,SICKO MODE - Skrillex Remix,78,0.0214,0.651,304512,0.833,0,1,0.14,-3.356,1,0.172,155.051,4,0.443
7,Travis Scott,NO BYSTANDERS,76,0.0204,0.731,218284,0.811,0,1,0.411,-3.225,1,0.0712,147.045,4,0.426
8,Travis Scott,WAKE UP,76,0.192,0.741,231964,0.645,0,11,0.163,-5.116,0,0.0963,149.07,4,0.488
9,Travis Scott,Antidote,75,0.00767,0.713,262693,0.526,0.000148,1,0.124,-5.046,1,0.032,131.05,4,0.131
0,The Weeknd,Lost in the Fire (feat. The Weeknd),89,0.0863,0.663,202093,0.675,0.00133,2,0.117,-12.159,1,0.0359,101.004,4,0.176
1,The Weeknd,Starboy,83,0.141,0.678,230453,0.588,6.35e-06,7,0.137,-7.015,1,0.276,186.005,4,0.486
2,The Weeknd,Call Out My Name,73,0.218,0.489,228373,0.598,0,1,0.35,-4.929,1,0.036,134.045,3,0.172
3,The Weeknd,The Hills,80,0.0671,0.58,242253,0.565,0,0,0.135,-7.065,0,0.0488,112.986,4,0.138
4,The Weeknd,Pray For Me (with Kendrick Lamar),79,0.0762,0.735,211440,0.677,2.17e-05,2,0.111,-4.979,1,0.093,100.584,4,0.188
5,The Weeknd,I Feel It Coming,69,0.426,0.773,269187,0.819,0,0,0.0679,-5.946,0,0.118,92.99,4,0.585
6,The Weeknd,Can't Feel My Face,78,0.112,0.705,213520,0.769,0,9,0.105,-5.526,0,0.0426,107.939,4,0.59
7,The Weeknd,Love Me Harder,76,0.00937,0.472,236133,0.714,0,1,0.0764,-4.389,0,0.0334,98.992,4,0.24
8,The Weeknd,Earned It (Fifty Shades Of Grey),68,0.408,0.647,277680,0.291,0,2,0.0771,-8.275,0,0.0363,119.839,3,0.4
9,The Weeknd,Die For You,65,0.111,0.586,260253,0.525,0,1,0.134,-7.163,0,0.0615,133.629,4,0.508
0,Kanye West,I Love It (& Lil Pump),86,0.0114,0.901,127947,0.522,0,2,0.259,-8.304,1,0.33,104.053,4,0.329
1,Kanye West,FourFiveSeconds,78,0.878,0.576,188238,0.267,0,2,0.119,-5.668,1,0.044,205.888,4,0.326
2,Kanye West,Gold Digger,77,0.0223,0.638,207627,0.699,0,1,0.0917,-5.54,0,0.384,92.939,4,0.66
3,Kanye West,POWER,77,0.0162,0.543,292093,0.915,0,0,0.744,-4.746,0,0.113,153.998,4,0.577
4,Kanye West,All Mine,76,0.123,0.925,145507,0.31,0,11,0.0931,-6.531,0,0.291,121.927,4,0.291
5,Kanye West,Stronger,73,0.00728,0.625,311867,0.726,0,10,0.318,-7.731,0,0.155,103.98,4,0.483
6,Kanye West,Heartless,75,0.0401,0.789,211000,0.65,0,10,0.249,-6.16,0,0.121,87.983,4,0.617
7,Kanye West,Black Skinhead,74,0.000954,0.775,188013,0.823,0,1,0.144,-6.091,1,0.271,130.041,4,0.273
8,Kanye West,Famous,73,0.0602,0.474,196040,0.741,0,6,0.115,-3.69,1,0.111,174.1,4,0.402
9,Kanye West,Yikes,72,0.15,0.683,188773,0.776,0,1,0.227,-3.251,0,0.341,173.996,4,0.223
0,David Guetta,Say My Name,72,0.137,0.703,198947,0.66,0,10,0.192,-5.119,0,0.123,95.031,4,0.79
1,David Guetta,Flames,57,0.0817,0.631,194680,0.649,3.8e-06,5,0.0934,-5.892,0,0.0385,93.95,4,0.421
2,David Guetta,Goodbye (feat. Nicki Minaj & Willy William),81,0.0776,0.643,195419,0.904,0,0,0.189,-3.694,1,0.0739,103.028,4,0.481
3,David Guetta,Like I Do,56,0.00569,0.667,201560,0.871,0.00655,0,0.165,-4.905,0,0.0343,128.042,4,0.187
4,David Guetta,Don't Leave Me Alone (feat. Anne-Marie),57,0.177,0.694,183747,0.617,0,4,0.11,-7.838,0,0.0469,127.928,4,0.496
5,David Guetta,Titanium (feat. Sia),63,0.069,0.599,245041,0.803,0.137,0,0.129,-3.641,0,0.0986,126.057,4,0.233
6,David Guetta,Your Love,75,0.0997,0.571,185620,0.937,0.496,2,0.125,-2.682,0,0.0336,125.027,4,0.512
7,David Guetta,So Far Away (feat. Jamie Scott & Romy Dya),74,0.435,0.526,183637,0.52,0,6,0.197,-7.985,0,0.0569,149.119,4,0.13
8,David Guetta,Better When You're Gone,74,0.0635,0.647,192402,0.795,0,1,0.188,-3.548,0,0.0372,127.992,4,0.409
9,David Guetta,Mad Love,70,0.006,0.793,199945,0.824,3.29e-06,2,0.169,-3.476,1,0.177,98.019,4,0.611
0,Marshmello,Happier,95,0.191,0.687,214290,0.792,0,5,0.167,-2.749,1,0.0452,100.015,4,0.671
1,Marshmello,FRIENDS,86,0.205,0.626,202621,0.88,0,9,0.128,-2.384,0,0.0504,95.079,4,0.534
2,Marshmello,Silence,84,0.256,0.52,180823,0.761,4.96e-06,4,0.17,-3.093,1,0.0853,141.971,4,0.286
3,Marshmello,Wolves,84,0.129,0.72,197993,0.807,0,11,0.183,-4.59,0,0.0432,124.946,4,0.305
4,Marshmello,Alone,82,0.0244,0.636,273803,0.953,0.0164,2,0.108,-3.74,1,0.0353,142.011,4,0.397
5,Marshmello,Everyday,81,0.041,0.67,204747,0.752,0,1,0.0749,-4.146,1,0.0374,149.961,4,0.442
6,Marshmello,Project Dreams,75,0.409,0.78,167898,0.828,0,8,0.104,-2.235,1,0.237,160.113,4,0.786
7,Marshmello,Spotlight,77,0.0145,0.546,177600,0.822,0,7,0.742,-4.483,1,0.151,150.06,4,0.615
8,Marshmello,Fly,74,0.000639,0.63,193778,0.9,0.852,4,0.203,-3.955,1,0.0387,134.988,4,0.155
9,Marshmello,Danger (with Migos & Marshmello),71,0.152,0.814,214587,0.743,0,9,0.163,-2.968,1,0.159,107.996,4,0.367
0,Shawn Mendes,In My Blood,85,0.0573,0.622,211360,0.712,0,5,0.13,-7.321,1,0.066,140.025,4,0.487
1,Shawn Mendes,Treat You Better,83,0.106,0.444,187973,0.819,0,10,0.107,-4.078,0,0.341,82.695,4,0.747
2,Shawn Mendes,There's Nothing Holdin' Me Back,83,0.38,0.866,199440,0.813,0,11,0.0779,-4.063,0,0.0554,121.998,4,0.969
3,Shawn Mendes,Lost In Japan,82,0.255,0.713,201200,0.738,0,10,0.106,-6.784,1,0.374,105.027,4,0.425
4,Shawn Mendes,Mercy,80,0.125,0.555,208733,0.662,0,11,0.111,-4.952,0,0.0827,148.128,4,0.356
5,Shawn Mendes,Youth (feat. Khalid),78,0.56,0.534,190867,0.596,0,6,0.133,-6.653,0,0.117,100.121,4,0.324
6,Shawn Mendes,Fallin' All In You,77,0.405,0.853,235747,0.476,0,8,0.111,-6.696,1,0.0361,92.038,4,0.796
7,Shawn Mendes,Where Were You In The Morning?,76,0.554,0.716,200600,0.519,0,7,0.0993,-7.472,1,0.0554,87.963,4,0.466
8,Shawn Mendes,Stitches,70,0.0152,0.746,206880,0.754,0,1,0.0486,-6.681,1,0.067,149.882,4,0.764
9,Shawn Mendes,Nervous,75,0.0404,0.841,164147,0.623,0,0,0.126,-6.76,1,0.0776,121.983,4,0.744
0,benny blanco,Eastside (with Halsey & Khalid),81,0.549,0.632,170770,0.686,0,6,0.2,-7.665,0,0.243,89.949,4,0.329
1,benny blanco,Roses (with Juice WRLD feat. Brendon Urie),79,0.168,0.612,223543,0.601,0,8,0.117,-7.089,1,0.164,147.018,4,0.525
2,benny blanco,I Found You (with Calvin Harris),65,0.0264,0.79,189165,0.865,0.0892,6,0.24,-4.159,1,0.0438,122.99,4,0.362
3,benny blanco,I Found You / Nilda’s Story (with Calvin Harris & Miguel),72,0.941,0.376,191465,0.24,0.0163,6,0.126,-9.79,1,0.045,78.787,5,0.202
4,benny blanco,Better to Lie (with Jesse & Swae Lee),61,0.0514,0.773,175341,0.617,8e-06,10,0.11,-7.545,0,0.0672,155.026,4,0.551
5,benny blanco,Eastside (with Halsey & Khalid) - Acoustic,67,0.711,0.689,173005,0.491,0,9,0.172,-6.042,1,0.0317,90.011,4,0.868
6,benny blanco,More/Diamond Ring (feat. Ty Dolla $ign & 6LACK),57,0.813,0.489,182886,0.446,4.83e-05,4,0.096,-9.468,0,0.298,75.343,4,0.299
7,benny blanco,Just For Us Pt. 2,51,0.95,0.341,115051,0.0549,0.276,10,0.122,-13.5,0,0.0422,116.691,5,0.0388
8,benny blanco,Break My Heart (feat. Ryan Beatty),51,0.738,0.421,249094,0.455,0.00534,3,0.12,-8.849,1,0.0734,104.609,5,0.178
9,benny blanco,Somebody to Love (feat. Justin Bieber) - Remix,42,0.0113,0.642,208627,0.87,0,9,0.677,-2.879,1,0.034,129.982,4,0.649
0,Daddy Yankee,Adictiva,90,0.291,0.788,207853,0.771,5.62e-05,4,0.172,-3.206,0,0.0563,99.038,4,0.701
1,Daddy Yankee,Con Calma,88,0.11,0.737,193227,0.86,1.94e-06,8,0.0574,-2.652,0,0.0593,93.989,4,0.656
2,Daddy Yankee,Asesina - Remix,85,0.589,0.825,327467,0.69,0,10,0.413,-4.252,0,0.226,94.194,4,0.516
3,Daddy Yankee,Despacito - Remix,80,0.228,0.653,228827,0.816,0,2,0.0967,-4.353,1,0.167,178.086,4,0.816
4,Daddy Yankee,Dura,79,0.183,0.791,200480,0.848,0,1,0.409,-3.456,1,0.0506,95.0,4,0.828
5,Daddy Yankee,Dura - Remix,76,0.188,0.772,242160,0.803,0,1,0.434,-3.035,1,0.0468,94.981,4,0.853
6,Daddy Yankee,Gasolina,75,0.332,0.857,192600,0.801,1.2e-06,0,0.0789,-6.499,1,0.0618,96.009,4,0.753
7,Daddy Yankee,Bella y Sensual,75,0.228,0.635,204701,0.713,0,11,0.0506,-6.909,1,0.0937,179.864,4,0.749
8,Daddy Yankee,Despacito,69,0.198,0.655,229360,0.797,0,2,0.067,-4.787,1,0.153,177.928,4,0.839
9,Daddy Yankee,Zum Zum,74,0.0622,0.839,235773,0.832,4.59e-06,0,0.282,-2.492,1,0.0531,92.004,4,0.529
0,Bruno Mars,Wake Up in the Sky,79,0.00381,0.8,203161,0.578,0,4,0.367,-5.144,0,0.0485,143.01,4,0.367
1,Bruno Mars,That's What I Like,83,0.013,0.853,206693,0.56,0,1,0.0944,-4.961,1,0.0406,134.066,4,0.86
2,Bruno Mars,Finesse (Remix) [feat. Cardi B],81,0.0185,0.704,217289,0.859,0,5,0.0215,-4.877,0,0.0996,105.115,4,0.926
3,Bruno Mars,When I Was Your Man,80,0.932,0.612,213827,0.28,0,0,0.088,-8.648,1,0.0434,72.795,4,0.387
4,Bruno Mars,24K Magic,79,0.034,0.818,225983,0.803,0,1,0.153,-4.282,1,0.0797,106.97,4,0.632
5,Bruno Mars,Just the Way You Are,77,0.0151,0.637,220733,0.843,0,5,0.0876,-5.413,1,0.0432,109.012,4,0.434
6,Bruno Mars,Locked Out Of Heaven,77,0.049,0.726,233478,0.698,0,5,0.309,-4.165,1,0.0431,143.994,4,0.867
7,Bruno Mars,Versace On The Floor,76,0.196,0.578,261240,0.574,0,2,0.083,-6.209,1,0.0454,174.152,4,0.301
8,Bruno Mars,Treasure,74,0.0412,0.874,178560,0.692,7.24e-05,5,0.324,-5.28,0,0.0431,116.017,4,0.937
9,Bruno Mars,Grenade,73,0.146,0.706,223253,0.558,0,2,0.118,-7.237,0,0.0593,110.443,4,0.227
0,Future,First Off (feat. Travis Scott),85,0.013,0.734,228367,0.683,0,1,0.28,-6.105,1,0.0776,162.038,4,0.445
1,Future,Fine China,84,0.0484,0.656,141587,0.542,0,7,0.126,-7.358,1,0.323,166.111,4,0.551
2,Future,Crushed Up,82,0.0415,0.781,149949,0.597,0,10,0.152,-6.794,0,0.23,158.043,4,0.544
3,Future,Mask Off,80,0.0102,0.833,204600,0.434,0.0219,2,0.165,-8.795,1,0.431,150.062,4,0.281
4,Future,Jumpin on a Jet,78,0.0571,0.824,137134,0.595,3.7e-06,11,0.0876,-6.346,1,0.091,140.039,4,0.157
5,Future,"King's Dead (with Kendrick Lamar, Future & James Blake)",77,0.000874,0.563,229670,0.717,0,1,0.183,-5.186,1,0.337,82.064,4,0.427
6,Future,Hard Work Pays Off,76,0.327,0.736,224507,0.482,0,4,0.229,-8.242,1,0.196,140.064,4,0.608
7,Future,Jumpman,75,0.0563,0.852,205879,0.553,0,1,0.332,-7.286,1,0.187,142.072,4,0.656
8,Future,Low Life,74,0.337,0.722,313547,0.331,0.283,8,0.146,-7.789,1,0.0725,143.974,4,0.102
9,Future,F&N,73,0.01,0.728,189428,0.628,6.53e-05,1,0.0735,-4.766,1,0.191,160.94,4,0.393
0,Sam Smith,Dancing With A Stranger (with Normani),94,0.45,0.741,171030,0.52,1.97e-06,8,0.222,-7.513,1,0.0656,102.998,4,0.347
1,Sam Smith,Promises (with Sam Smith),89,0.0119,0.781,213309,0.768,4.91e-06,11,0.325,-5.991,1,0.0394,123.07,4,0.486
2,Sam Smith,"Fire On Fire - From ""Watership Down""",86,0.476,0.584,246735,0.407,0,1,0.18,-7.356,0,0.046,115.124,4,0.341
3,Sam Smith,Too Good At Goodbyes,78,0.615,0.661,201000,0.373,0,5,0.177,-8.249,1,0.0505,91.5,4,0.523
4,Sam Smith,Stay With Me,82,0.588,0.418,172724,0.42,6.39e-05,0,0.11,-6.444,1,0.0414,84.094,4,0.184
5,Sam Smith,I'm Not The Only One,81,0.529,0.677,239317,0.485,2.04e-05,5,0.0766,-5.795,1,0.0361,82.001,4,0.493
6,Sam Smith,Lay Me Down,76,0.919,0.468,219536,0.19,0,4,0.107,-11.138,1,0.0373,125.319,4,0.326
7,Sam Smith,Have Yourself A Merry Little Christmas,73,0.953,0.399,170964,0.181,0,5,0.317,-9.409,1,0.0416,145.512,4,0.318
8,Sam Smith,Make It To Me,71,0.63,0.456,162732,0.379,3.1e-06,1,0.0983,-8.573,1,0.0685,149.967,4,0.225
9,Sam Smith,Like I Can,71,0.343,0.656,167066,0.627,2.17e-05,7,0.124,-6.627,0,0.0379,99.933,4,0.481
0,Maluma,Créeme,86,0.154,0.715,212493,0.872,0.000146,6,0.11,-3.501,1,0.0547,96.939,4,0.682
1,Maluma,Amigos Con Derechos,85,0.0481,0.686,227476,0.807,0,1,0.0652,-3.324,1,0.0613,183.971,4,0.63
2,Maluma,Mala Mía,84,0.31,0.749,183753,0.752,0,6,0.232,-4.883,1,0.345,180.049,4,0.901
3,Maluma,Mala Mía - Remix,80,0.1,0.697,207143,0.772,0,8,0.418,-5.028,0,0.309,180.046,4,0.858
4,Maluma,Clandestino,80,0.39,0.766,231921,0.822,3.37e-05,1,0.349,-4.126,0,0.16,165.842,4,0.881
5,Maluma,Felices los 4,78,0.213,0.766,230000,0.756,0,5,0.349,-5.861,1,0.132,94.027,4,0.716
6,Maluma,Corazón (feat. Nego do Borel),78,0.328,0.722,184720,0.738,1.47e-05,9,0.198,-6.073,0,0.247,198.075,4,0.748
7,Maluma,El Préstamo,76,0.205,0.74,219600,0.74,0,5,0.107,-3.647,0,0.0686,93.95,4,0.717
8,Maluma,Marinero,72,0.683,0.58,189133,0.491,0,7,0.122,-5.156,1,0.0473,83.81,4,0.843
9,Maluma,Borro Cassette,72,0.132,0.73,207307,0.701,0,5,0.151,-5.885,0,0.106,175.95,4,0.785
0,Chris Brown,Undecided,86,0.172,0.441,187298,0.527,0,3,0.233,-5.318,1,0.0966,96.37,4,0.589
1,Chris Brown,Freaky Friday (feat. Chris Brown),81,0.147,0.755,216632,0.599,0,8,0.109,-5.042,1,0.224,133.123,4,0.755
2,Chris Brown,Ayo,74,0.0399,0.823,225227,0.563,0,6,0.0851,-5.095,1,0.0443,98.031,4,0.682
3,Chris Brown,Stranger Things,73,0.443,0.867,219733,0.663,0,10,0.117,-5.838,0,0.178,121.978,4,0.481
4,Chris Brown,Loyal,73,0.0228,0.845,264947,0.506,1.03e-06,1,0.0879,-5.971,1,0.0409,99.051,4,0.647
5,Chris Brown,Fuck It Off (feat. Chris Brown),71,0.0728,0.801,147600,0.578,0,1,0.185,-7.148,1,0.201,100.032,4,0.126
6,Chris Brown,Five More Hours - Deorro x Chris Brown,67,0.0288,0.699,211975,0.883,0,5,0.817,-3.226,0,0.219,127.961,4,0.499
7,Chris Brown,I Don't Die,70,0.099,0.743,224735,0.876,0,1,0.119,-4.326,1,0.301,149.041,4,0.574
8,Chris Brown,Questions,62,0.00543,0.614,129478,0.598,0,10,0.1,-6.335,0,0.0561,105.803,4,0.565
9,Chris Brown,Just Let Go,69,0.373,0.645,266552,0.698,0,5,0.106,-6.525,0,0.376,139.867,4,0.5
0,J. Cole,MIDDLE CHILD,93,0.149,0.837,213594,0.364,0,8,0.271,-11.713,1,0.276,123.984,4,0.463
1,J. Cole,No Role Modelz,81,0.302,0.696,292987,0.521,0,10,0.0565,-8.465,0,0.332,100.0,4,0.458
2,J. Cole,KOD,78,0.21,0.831,191437,0.782,0,0,0.113,-6.274,1,0.15,141.869,4,0.199
3,J. Cole,Wet Dreamz,78,0.0752,0.504,239320,0.705,0,6,0.128,-8.205,0,0.364,175.483,4,0.584
4,J. Cole,Kevin’s Heart,77,0.482,0.829,200310,0.527,0,6,0.631,-6.644,0,0.367,116.078,4,0.473
5,J. Cole,Tribe (with J. Cole),76,0.241,0.755,238053,0.594,0,7,0.107,-5.906,1,0.216,178.929,4,0.237
6,J. Cole,G.O.M.D.,75,0.331,0.889,301133,0.393,8.67e-06,4,0.283,-10.821,0,0.267,128.065,4,0.304
7,J. Cole,Off Deez (with J. Cole),75,0.00207,0.836,213358,0.579,0,9,0.11,-6.164,1,0.243,85.486,4,0.431
8,J. Cole,Neighbors,74,0.358,0.894,216520,0.284,0.000487,11,0.11,-13.002,0,0.33,138.944,4,0.413
9,J. Cole,ATM,74,0.115,0.719,216727,0.497,0,8,0.0898,-7.661,1,0.681,81.651,4,0.345
0,Juice WRLD,Lucid Dreams,90,0.349,0.511,239836,0.566,0,6,0.34,-7.23,0,0.2,83.903,4,0.218
1,Juice WRLD,Armed And Dangerous,87,0.186,0.736,169999,0.67,0,10,0.114,-6.702,1,0.311,130.032,4,0.845
2,Juice WRLD,Fine China,84,0.0484,0.656,141587,0.542,0,7,0.126,-7.358,1,0.323,166.111,4,0.551
3,Juice WRLD,All Girls Are The Same,83,0.0769,0.671,165820,0.529,0.000335,0,0.0856,-7.226,1,0.307,161.989,4,0.203
4,Juice WRLD,Lean Wit Me,82,0.0414,0.665,175755,0.651,0,1,0.0896,-5.515,1,0.156,163.935,4,0.237
5,Juice WRLD,Roses (with Juice WRLD feat. Brendon Urie),79,0.168,0.612,223543,0.601,0,8,0.117,-7.089,1,0.164,147.018,4,0.525
6,Juice WRLD,Hide (feat. Seezyn),81,0.0622,0.715,205800,0.639,0,5,0.157,-5.017,0,0.0752,149.996,4,0.151
7,Juice WRLD,Legends,80,0.115,0.594,191840,0.798,0,4,0.143,-5.244,1,0.0844,142.049,4,0.381
8,Juice WRLD,Wasted (feat. Lil Uzi Vert),80,0.0381,0.742,258475,0.579,0,0,0.0952,-5.024,1,0.202,144.994,4,0.502
9,Juice WRLD,Black & White,79,0.0802,0.776,186945,0.736,0,7,0.159,-4.612,1,0.247,147.946,4,0.233
0,Kygo,Happy Now,86,0.374,0.693,211362,0.575,0,9,0.252,-6.998,1,0.0801,117.999,4,0.492
1,Kygo,Born To Be Yours,70,0.3,0.688,193321,0.688,0,3,0.0982,-5.84,1,0.0357,114.011,4,0.451
2,Kygo,Remind Me to Forget,73,0.158,0.689,217293,0.505,0,0,0.138,-6.389,1,0.0933,99.017,4,0.312
3,Kygo,It Ain’t Me (with Selena Gomez),69,0.119,0.64,220781,0.533,0,0,0.0864,-6.596,1,0.0706,99.968,4,0.515
4,Kygo,Stargazing,77,0.152,0.677,236853,0.497,0,5,0.0911,-5.763,1,0.0809,99.137,4,0.419
5,Kygo,Firestone (feat. Conrad Sewell),75,0.408,0.486,273684,0.652,6.63e-05,11,0.077,-7.226,0,0.052,113.055,4,0.391
6,Kygo,Stole the Show,74,0.155,0.679,222801,0.662,0,8,0.152,-6.069,0,0.174,99.879,4,0.438
7,Kygo,First Time,73,0.197,0.633,193511,0.592,0,0,0.099,-7.245,0,0.112,90.066,4,0.679
8,Kygo,Happy Now - R3HAB Remix,69,0.0173,0.623,189268,0.84,0,9,0.363,-5.446,1,0.123,123.068,4,0.539
9,Kygo,Stranger Things (feat. OneRepublic),69,0.234,0.604,221440,0.661,0,0,0.0951,-5.914,1,0.0375,107.016,4,0.506
0,Logic,Keanu Reeves,86,0.0591,0.71,225987,0.888,0,2,0.134,-6.457,1,0.235,170.193,4,0.816
1,Logic,1-800-273-8255,82,0.57,0.62,250173,0.574,0,5,0.19,-7.788,0,0.0479,100.021,4,0.352
2,Logic,Everyday,81,0.041,0.67,204747,0.752,0,1,0.0749,-4.146,1,0.0374,149.961,4,0.442
3,Logic,44 More,77,0.0635,0.829,188600,0.589,0,1,0.113,-7.055,1,0.202,139.971,4,0.233
4,Logic,Everybody,72,0.158,0.885,162347,0.94,0,1,0.0675,-5.908,1,0.0909,110.005,4,0.77
5,Logic,ICONIC (ft. Jaden Smith),69,0.00606,0.39,298133,0.779,0,1,0.291,-5.612,1,0.243,175.89,4,0.213
6,Logic,Flexicution,68,0.0581,0.772,218947,0.701,0.00159,0,0.106,-6.605,0,0.0724,159.954,4,0.69
7,Logic,Midnight,68,0.09,0.566,241427,0.586,0,9,0.0976,-7.444,0,0.131,95.032,4,0.273
8,Logic,"Wu Tang Forever (ft. Ghostface Killah, Raekwon, RZA, Method Man, Inspectah Deck, Cappadonna, Jackpot Scotty Wotty, U-God, Masta Killa, GZA)",67,0.146,0.703,487960,0.807,0,1,0.379,-4.936,1,0.315,90.933,4,0.768
9,Logic,Ballin,67,0.0475,0.737,166080,0.854,0,3,0.0905,-6.414,0,0.221,150.621,4,0.65
0,Lil Uzi Vert,XO TOUR Llif3,85,0.00264,0.732,182707,0.75,0,11,0.109,-6.366,0,0.231,155.096,4,0.401
1,Lil Uzi Vert,New Patek,80,0.0367,0.85,343099,0.785,0,8,0.155,-4.963,0,0.345,145.063,4,0.718
2,Lil Uzi Vert,The Way Life Goes (feat. Oh Wonder),79,0.617,0.703,221747,0.757,0,1,0.106,-3.612,1,0.05,82.008,4,0.696
3,Lil Uzi Vert,Money Longer,77,0.0541,0.795,198944,0.568,0,5,0.108,-7.817,0,0.142,136.173,4,0.478
4,Lil Uzi Vert,Dark Queen,74,0.222,0.747,173419,0.606,0,4,0.281,-5.286,1,0.172,155.055,4,0.2
5,Lil Uzi Vert,Erase Your Social,73,0.694,0.705,199993,0.609,0,3,0.234,-5.728,1,0.0729,140.058,4,0.718
6,Lil Uzi Vert,Sauce It Up,73,0.0715,0.813,207039,0.528,0,6,0.125,-6.305,0,0.313,79.532,4,0.131
7,Lil Uzi Vert,20 Min,73,0.109,0.773,220587,0.75,0,8,0.174,-4.009,0,0.117,123.426,4,0.783
8,Lil Uzi Vert,You Was Right,72,0.069,0.843,163944,0.359,0,0,0.12,-7.417,1,0.461,81.987,4,0.156
9,Lil Uzi Vert,Watch (feat. Lil Uzi Vert & Kanye West),72,0.0372,0.706,217405,0.559,0,4,0.379,-5.216,0,0.0416,78.534,4,0.252
0,G-Eazy,Him & I (with Halsey),80,0.0534,0.589,268867,0.731,0,2,0.308,-6.343,1,0.0868,87.908,4,0.191
1,G-Eazy,"Me, Myself & I",77,0.0186,0.757,251467,0.672,0,0,0.158,-6.524,0,0.0955,111.996,4,0.382
2,G-Eazy,No Limit,71,0.0117,0.838,245387,0.771,0,1,0.0853,-3.791,1,0.244,175.957,4,0.405
3,G-Eazy,1942,75,0.0152,0.817,213080,0.646,0,4,0.125,-5.12,0,0.249,162.898,4,0.835
4,G-Eazy,My Year,73,0.206,0.842,190345,0.808,0,11,0.258,-3.243,0,0.0491,145.03,4,0.705
5,G-Eazy,I Mean It,73,0.125,0.712,236480,0.562,0,10,0.136,-6.008,1,0.129,140.0,4,0.142
6,G-Eazy,Some Kind Of Drug,69,0.0705,0.586,222467,0.525,0,0,0.0729,-8.968,1,0.498,126.51,4,0.491
7,G-Eazy,Drop,67,0.0066,0.858,210545,0.65,2.07e-06,8,0.121,-4.919,1,0.241,147.031,4,0.653
8,G-Eazy,Calm Down,67,0.000175,0.537,127427,0.624,2.2e-06,11,0.116,-8.794,1,0.325,102.315,4,0.409
9,G-Eazy,Good Life (with G-Eazy & Kehlani),63,0.00464,0.565,225526,0.771,0,1,0.0568,-5.22,1,0.213,168.385,4,0.573
0,Martin Garrix,Ocean (feat. Khalid),83,0.584,0.506,216420,0.693,9.58e-05,0,0.0891,-7.265,0,0.0412,139.912,4,0.221
1,Martin Garrix,High On Life (feat. Bonn),82,0.0129,0.414,230762,0.486,0,6,0.111,-6.431,0,0.0311,128.038,4,0.368
2,Martin Garrix,In the Name of Love,80,0.109,0.501,195707,0.519,0,4,0.454,-5.88,0,0.0409,133.99,4,0.168
3,Martin Garrix,Scared to Be Lonely,80,0.0895,0.584,220883,0.54,0,1,0.261,-7.786,0,0.0576,137.972,4,0.195
4,Martin Garrix,Like I Do,56,0.00569,0.667,201560,0.871,0.00655,0,0.165,-4.905,0,0.0343,128.042,4,0.187
5,Martin Garrix,There for You,76,0.124,0.611,221904,0.644,0,6,0.124,-7.607,0,0.0553,105.969,4,0.13
6,Martin Garrix,Burn Out (feat. Dewain Whitmore),76,0.0156,0.594,200322,0.722,0,4,0.0667,-5.751,0,0.0398,127.877,4,0.407
7,Martin Garrix,So Far Away (feat. Jamie Scott & Romy Dya),74,0.435,0.526,183637,0.52,0,6,0.197,-7.985,0,0.0569,149.119,4,0.13
8,Martin Garrix,Dreamer,71,0.0507,0.532,193399,0.639,0.00131,5,0.106,-7.419,0,0.0388,105.0,4,0.198
9,Martin Garrix,Glitch,68,0.055,0.715,185161,0.792,0.0236,2,0.269,-6.4,0,0.0325,128.024,4,0.357
0,Avicii,Wake Me Up,82,0.00346,0.518,247427,0.784,0.00187,2,0.171,-5.659,1,0.0524,124.102,4,0.588
1,Avicii,Without You (feat. Sandro Cavazza),82,0.0018,0.653,181673,0.863,0,2,0.0406,-4.799,1,0.0457,134.004,4,0.276
2,Avicii,Waiting For Love,78,0.31,0.579,230613,0.736,0,6,0.198,-3.863,0,0.0527,127.999,4,0.613
3,Avicii,Lonely Together (feat. Rita Ora),78,0.176,0.65,181812,0.683,2.82e-05,5,0.0832,-5.284,1,0.0704,102.968,4,0.228
4,Avicii,The Nights,78,0.0166,0.527,176658,0.835,0,6,0.249,-5.298,1,0.0433,125.983,4,0.654
5,Avicii,Hey Brother,77,0.0279,0.537,255093,0.777,6.12e-05,7,0.0838,-4.829,0,0.0473,124.943,4,0.427
6,Avicii,Levels - Radio Edit,57,0.0473,0.578,201933,0.89,0.831,1,0.294,-5.96,0,0.0335,126.046,4,0.468
7,Avicii,Addicted To You,68,0.0494,0.549,148387,0.778,0,1,0.0819,-4.071,0,0.0451,128.089,4,0.318
8,Avicii,You Make Me,68,0.00219,0.582,233347,0.738,0.0083,6,0.149,-4.82,1,0.0408,125.008,4,0.525
9,Avicii,For A Better Day,67,0.0386,0.639,206067,0.843,0.0829,5,0.108,-3.393,1,0.0334,135.002,4,0.317
0,Lil Wayne,Uproar,80,0.0595,0.743,194184,0.87,0,1,0.299,-2.188,1,0.212,99.075,4,0.884
1,Lil Wayne,Scared of the Dark (feat. XXXTENTACION),79,0.0468,0.443,233000,0.623,0,0,0.247,-6.717,0,0.0718,79.365,4,0.156
2,Lil Wayne,Mona Lisa (feat. Kendrick Lamar),78,0.371,0.855,324189,0.694,0,2,0.109,-4.393,1,0.169,122.078,4,0.49
3,Lil Wayne,"Sucker For Pain (with Wiz Khalifa, Imagine Dragons, Logic & Ty Dolla $ign feat. X Ambassadors)",77,0.255,0.502,243491,0.786,0,9,0.65,-4.378,0,0.317,169.021,4,0.739
4,Lil Wayne,Don't Cry (feat. XXXTENTACION),75,0.409,0.585,249450,0.709,0,8,0.183,-6.072,1,0.319,111.913,4,0.21
5,Lil Wayne,"Genius (with Lil Wayne, Sia, Diplo & Labrinth - Lil Wayne Remix)",75,0.0143,0.658,162920,0.783,0.000181,11,0.0543,-3.381,0,0.194,159.049,4,0.745
6,Lil Wayne,Codeine Dreaming (feat. Lil Wayne),75,0.0652,0.736,264532,0.604,6.43e-05,1,0.124,-7.357,0,0.222,155.007,4,0.574
7,Lil Wayne,A Milli,73,0.0527,0.679,221840,0.684,0.000895,6,0.177,-8.559,1,0.278,151.748,4,0.755
8,Lil Wayne,Let It Fly (feat. Travis Scott),72,0.0414,0.902,186872,0.819,0,1,0.106,-3.321,1,0.317,89.0,4,0.746
9,Lil Wayne,Lollipop,70,0.0656,0.828,299333,0.433,0.000876,0,0.122,-9.716,1,0.199,148.073,4,0.44
0,6ix9ine,KIKA (feat. Tory Lanez),87,0.128,0.745,136032,0.715,0,1,0.182,-3.368,0,0.245,94.513,4,0.342
1,6ix9ine,MALA (feat. Anuel Aa),86,0.689,0.719,206550,0.825,0,5,0.103,-3.627,0,0.0424,100.006,4,0.789
2,6ix9ine,BEBE (feat. Anuel Aa),86,0.172,0.635,217822,0.902,0,0,0.125,-3.559,1,0.109,102.063,4,0.286
3,6ix9ine,"FEFE (feat. Nicki Minaj, Murda Beatz)",85,0.088,0.931,179405,0.387,0,1,0.136,-9.127,1,0.412,125.978,4,0.376
4,6ix9ine,TIC TOC (feat. Lil Baby),82,0.0115,0.82,135739,0.691,0,6,0.344,-6.646,0,0.0723,142.027,4,0.683
5,6ix9ine,"MAMA (feat. Nicki Minaj, Kanye West)",82,0.0893,0.761,192405,0.672,9.77e-06,1,0.14,-5.887,1,0.212,160.077,3,0.437
6,6ix9ine,WAKA (feat. A Boogie Wit da Hoodie),80,0.0834,0.772,128769,0.812,0,0,0.115,-3.995,0,0.153,97.407,4,0.655
7,6ix9ine,STOOPID (feat. Bobby Shmurda),79,0.13,0.733,152000,0.63,0,11,0.162,-4.296,1,0.395,149.989,4,0.832
8,6ix9ine,BILLY,78,0.175,0.764,112667,0.711,0,4,0.105,-3.818,0,0.288,90.076,4,0.774
9,6ix9ine,TATI (feat. DJ SpinKing),77,0.00214,0.779,154565,0.767,0,11,0.102,-5.462,0,0.258,91.981,4,0.523
0,Nicky Jam,Baby,82,0.327,0.7,235973,0.71,0,11,0.129,-4.835,1,0.0532,167.971,4,0.582
1,Nicky Jam,X,82,0.0364,0.595,173628,0.773,0.00108,9,0.334,-4.736,0,0.0549,180.073,4,0.711
2,Nicky Jam,X - Remix,78,0.0561,0.663,235747,0.696,3.77e-05,9,0.0778,-4.957,0,0.103,180.113,4,0.738
3,Nicky Jam,Bella y Sensual,75,0.228,0.635,204701,0.713,0,11,0.0506,-6.909,1,0.0937,179.864,4,0.749
4,Nicky Jam,El Perdón,74,0.446,0.628,205907,0.69,0,8,0.112,-5.828,1,0.0511,179.911,4,0.662
5,Nicky Jam,Que Le De,74,0.19,0.77,225600,0.75,0,0,0.0618,-2.715,1,0.0785,99.997,4,0.609
6,Nicky Jam,Tú Y Yo (feat. Nicky Jam & Justin Quiles),74,0.199,0.805,200093,0.786,0,1,0.197,-4.418,1,0.0364,94.983,4,0.751
7,Nicky Jam,Good Vibes,74,0.0348,0.823,235720,0.63,6.72e-06,7,0.0964,-3.932,1,0.0797,100.04,4,0.184
8,Nicky Jam,Jaleo,73,0.0097,0.623,176000,0.872,0,11,0.0708,-3.773,0,0.147,105.147,4,0.355
9,Nicky Jam,El Amante,73,0.243,0.683,219507,0.691,0,8,0.14,-5.535,1,0.0432,179.91,4,0.732
0,Justin Bieber,No Brainer,83,0.0733,0.552,260000,0.76,0,0,0.0865,-4.706,1,0.342,135.702,5,0.639
1,Justin Bieber,Love Yourself,81,0.856,0.607,233720,0.376,0,4,0.285,-9.954,1,0.453,102.541,4,0.545
2,Justin Bieber,Sorry,80,0.0865,0.605,200787,0.768,0,0,0.308,-3.724,0,0.0476,100.209,4,0.414
3,Justin Bieber,Friends (with BloodPop®),76,0.00402,0.743,189467,0.733,0,8,0.304,-5.337,1,0.0375,104.977,4,0.622
4,Justin Bieber,What Do You Mean?,76,0.61,0.837,205680,0.571,0.000898,5,0.0849,-8.273,0,0.0922,125.034,4,0.801
5,Justin Bieber,Mistletoe,75,0.498,0.658,182947,0.56,0,6,0.0794,-9.049,0,0.0467,161.994,4,0.854
6,Justin Bieber,Baby,71,0.0544,0.656,214240,0.841,0,5,0.122,-5.183,0,0.232,65.024,4,0.522
7,Justin Bieber,Purpose,70,0.899,0.484,210160,0.285,0,0,0.121,-10.863,1,0.0397,126.749,4,0.302
8,Justin Bieber,Company,69,0.147,0.617,208120,0.8,0,4,0.0852,-5.024,0,0.0654,94.985,4,0.42
9,Justin Bieber,As Long As You Love Me,69,0.0807,0.571,229467,0.873,0,0,0.361,-3.382,0,0.0997,139.691,4,0.613
0,Kodak Black,ZEZE (feat. Travis Scott & Offset),92,0.0521,0.861,228760,0.603,0,8,0.0924,-5.788,0,0.176,98.043,4,0.504
1,Kodak Black,Wake Up in the Sky,79,0.00381,0.8,203161,0.578,0,4,0.367,-5.144,0,0.0485,143.01,4,0.367
2,Kodak Black,Calling My Spirit,83,0.0996,0.91,152000,0.366,0,1,0.261,-9.954,1,0.0941,119.985,4,0.74
3,Kodak Black,Roll In Peace (feat. XXXTENTACION),80,0.0306,0.747,213132,0.524,0,10,0.2,-6.807,0,0.245,140.053,4,0.363
4,Kodak Black,MoshPit (feat. Juice WRLD),79,0.394,0.769,164038,0.627,0,7,0.106,-4.064,1,0.262,157.938,4,0.49
5,Kodak Black,Drowning (feat. Kodak Black),79,0.501,0.839,209269,0.81,0,5,0.117,-5.274,0,0.0568,129.014,4,0.814
6,Kodak Black,Codeine Dreaming (feat. Lil Wayne),75,0.0652,0.736,264532,0.604,6.43e-05,1,0.124,-7.357,0,0.222,155.007,4,0.574
7,Kodak Black,Tunnel Vision,75,0.0576,0.497,268187,0.489,9.91e-05,11,0.122,-7.724,0,0.294,171.853,4,0.231
8,Kodak Black,Gnarly (feat. Lil Pump),74,0.469,0.764,186403,0.784,0,10,0.123,-4.003,0,0.0833,144.981,4,0.51
9,Kodak Black,Transportin',73,0.0319,0.804,169345,0.66,0,10,0.103,-4.86,0,0.0726,94.053,4,0.257
0,Jason Derulo,Goodbye (feat. Nicki Minaj & Willy William),81,0.0776,0.643,195419,0.904,0,0,0.189,-3.694,1,0.0739,103.028,4,0.481
1,Jason Derulo,"1, 2, 3 (feat. Jason Derulo & De La Ghetto)",80,0.165,0.792,201526,0.895,0,1,0.0501,-3.112,0,0.0589,94.968,4,0.794
2,Jason Derulo,Swalla (feat. Nicki Minaj & Ty Dolla $ign),79,0.075,0.696,216409,0.817,0,1,0.187,-3.862,1,0.109,98.064,4,0.782
3,Jason Derulo,Tip Toe (feat. French Montana),74,0.0233,0.845,187521,0.709,0,10,0.094,-4.547,0,0.0714,98.062,4,0.62
4,Jason Derulo,Want to Want Me,74,0.00906,0.775,207719,0.68,0,0,0.109,-5.508,0,0.0629,114.025,4,0.656
5,Jason Derulo,Whatcha Say,64,0.0444,0.615,221253,0.711,0,11,0.145,-5.507,1,0.0779,144.036,4,0.711
6,Jason Derulo,"Colors - Coca-Cola® Anthem, 2018 FIFA World CupTM",69,0.0278,0.707,187390,0.845,0,8,0.134,-3.478,1,0.201,120.125,4,0.507
7,Jason Derulo,In My Head,63,0.0266,0.762,199027,0.748,0,0,0.348,-4.15,0,0.033,110.009,4,0.851
8,Jason Derulo,It Girl,68,0.0165,0.668,192200,0.718,0,1,0.104,-4.736,0,0.0605,91.993,4,0.345
9,Jason Derulo,Make Up (feat. Ava Max),68,0.0601,0.782,160838,0.651,0,6,0.0907,-4.889,0,0.117,122.028,4,0.65
0,Metro Boomin,Space Cadet (feat. Gunna),86,0.368,0.901,203267,0.464,1.71e-05,5,0.238,-9.789,0,0.0645,109.004,4,0.638
1,Metro Boomin,Ric Flair Drip (& Metro Boomin),84,0.149,0.88,172800,0.428,5.07e-05,9,0.114,-8.28,1,0.206,100.007,4,0.333
2,Metro Boomin,10 Freaky Girls (with 21 Savage),83,0.588,0.81,208293,0.353,0,6,0.102,-9.931,0,0.31,88.031,4,0.0727
3,Metro Boomin,Don't Come Out The House (with 21 Savage),80,0.00661,0.87,168347,0.35,0.000483,1,0.108,-6.082,1,0.277,74.963,4,0.175
4,Metro Boomin,Overdue (with Travis Scott),74,0.733,0.638,166093,0.4,0.000133,11,0.334,-11.212,0,0.0425,150.133,4,0.495
5,Metro Boomin,Ghostface Killers,74,0.331,0.782,268933,0.436,1.3e-05,2,0.342,-7.033,1,0.155,82.994,4,0.243
6,Metro Boomin,X (feat. Future),74,0.373,0.835,258880,0.413,0.00133,1,0.101,-9.81,1,0.396,149.004,4,0.111
7,Metro Boomin,Dreamcatcher (feat. Swae Lee & Travis Scott),74,0.191,0.675,211920,0.23,0,1,0.104,-10.363,0,0.204,173.962,4,0.101
8,Metro Boomin,No Heart,72,0.136,0.906,235040,0.444,6.44e-05,4,0.173,-8.692,0,0.384,140.063,4,0.678
9,Metro Boomin,"No More (feat. Travis Scott, Kodak Black & 21 Savage)",72,0.413,0.636,265120,0.501,0,11,0.339,-7.26,0,0.329,82.309,4,0.196
0,XXXTENTACION,SAD!,91,0.258,0.74,166606,0.613,0.00372,8,0.123,-4.88,1,0.145,75.023,4,0.473
1,XXXTENTACION,Arms Around You (feat. Maluma & Swae Lee),90,0.0302,0.703,198903,0.723,2.06e-06,9,0.126,-5.45,0,0.0412,104.969,4,0.288
2,XXXTENTACION,Moonlight,90,0.556,0.921,135090,0.537,0.00404,9,0.102,-5.723,0,0.0804,128.009,4,0.711
3,XXXTENTACION,Jocelyn Flores,88,0.469,0.872,119133,0.391,4.13e-06,0,0.297,-9.144,0,0.242,134.021,4,0.437
4,XXXTENTACION,whoa (mind in awe),87,0.653,0.735,157777,0.525,0.918,6,0.101,-2.939,0,0.0441,160.147,4,0.369
5,XXXTENTACION,changes,86,0.883,0.669,121887,0.308,0,11,0.0984,-10.068,1,0.029,64.934,4,0.52
6,XXXTENTACION,Falling Down - Bonus Track,86,0.0175,0.669,196400,0.574,0.00294,4,0.146,-6.442,0,0.0286,120.013,4,0.273
7,XXXTENTACION,Fuck Love (feat. Trippie Redd),86,0.0172,0.797,146520,0.533,0.000152,0,0.103,-9.74,0,0.0412,131.036,4,0.329
8,XXXTENTACION,Everybody Dies In Their Nightmares,84,0.847,0.734,95467,0.57,2.14e-05,7,0.112,-7.066,0,0.133,129.953,4,0.689
9,XXXTENTACION,BAD!,79,0.0643,0.78,94246,0.492,0.0313,5,0.174,-3.4,0,0.0671,143.983,4,0.374
0,Rae Sremmurd,Powerglide (feat. Juicy J) - From SR3MM,79,0.0168,0.713,332301,0.831,0,1,0.118,-4.75,0,0.15,173.948,4,0.584
1,Rae Sremmurd,Guatemala - From Swaecation,77,0.185,0.849,256341,0.699,0.00118,4,0.0954,-5.193,0,0.0574,100.989,4,0.0778
2,Rae Sremmurd,Black Beatles,76,0.142,0.794,291893,0.632,0,0,0.128,-6.163,1,0.0649,145.926,4,0.355
3,Rae Sremmurd,Swang,75,0.2,0.681,208120,0.314,9.82e-06,8,0.1,-9.319,1,0.0581,139.992,4,0.166
4,Rae Sremmurd,Come Get Her,74,0.184,0.687,212947,0.563,0,2,0.0681,-6.214,1,0.163,185.056,4,0.112
5,Rae Sremmurd,No Type,74,0.013,0.888,200080,0.483,4.85e-06,6,0.0926,-7.797,1,0.154,125.008,4,0.226
6,Rae Sremmurd,Aries (YuGo) Part 2 (with Rae Sremmurd & Big Sean feat. Quavo & Pharrell),71,0.128,0.871,273087,0.552,0,4,0.272,-4.953,0,0.0509,141.973,4,0.27
7,Rae Sremmurd,This Could Be Us,70,0.275,0.718,206307,0.692,0,5,0.118,-5.06,0,0.148,142.992,4,0.721
8,Rae Sremmurd,CLOSE (feat. Travis Scott) - From SR3MM,68,0.104,0.691,193510,0.736,0,0,0.111,-4.993,1,0.0321,140.034,4,0.0395
9,Rae Sremmurd,Perplexing Pegasus - From SR3MM,67,0.000692,0.899,204787,0.448,2.36e-05,1,0.365,-8.789,1,0.0738,145.975,4,0.302
0,Charlie Puth,Attention,81,0.109,0.775,208787,0.613,2.33e-05,3,0.134,-4.586,0,0.0542,100.066,4,0.797
1,Charlie Puth,See You Again (feat. Charlie Puth),78,0.369,0.689,229526,0.481,1.03e-06,10,0.0649,-7.503,1,0.0815,80.025,4,0.283
2,Charlie Puth,We Don't Talk Anymore (feat. Selena Gomez),70,0.621,0.728,217707,0.563,0,1,0.179,-8.053,0,0.134,100.017,4,0.352
3,Charlie Puth,How Long,77,0.211,0.845,200853,0.561,3.49e-06,1,0.0383,-5.253,0,0.0778,109.974,4,0.811
4,Charlie Puth,The Way I Am,74,0.314,0.755,186080,0.769,2.38e-06,10,0.0628,-5.658,0,0.186,114.966,4,0.642
5,Charlie Puth,Done for Me (feat. Kehlani),74,0.193,0.856,180493,0.632,0,6,0.0688,-3.692,0,0.074,112.009,4,0.697
6,Charlie Puth,Patient,73,0.752,0.675,190533,0.604,0,1,0.111,-6.266,1,0.193,168.034,4,0.456
7,Charlie Puth,Marvin Gaye (feat. Meghan Trainor),53,0.417,0.795,190453,0.616,0,1,0.349,-5.281,0,0.06,110.015,4,0.815
8,Charlie Puth,One Call Away,67,0.403,0.667,194453,0.613,0,1,0.115,-5.353,1,0.0344,91.024,4,0.47
9,Charlie Puth,Dangerously,61,0.364,0.696,199133,0.517,0,2,0.197,-8.379,0,0.0366,112.291,3,0.23
0,A$AP Rocky,Praise The Lord (Da Shine) (feat. Skepta),85,0.0609,0.85,205040,0.569,0.0816,5,0.1,-8.152,0,0.136,80.02,4,0.294
1,A$AP Rocky,PICK IT UP (feat. A$AP Rocky),71,0.0149,0.921,191252,0.467,0.000238,1,0.334,-8.443,1,0.119,135.995,4,0.287
2,A$AP Rocky,Sundress,76,0.176,0.721,158206,0.704,3.71e-06,6,0.143,-6.364,1,0.0606,125.004,4,0.735
3,A$AP Rocky,Potato Salad,74,0.308,0.538,182493,0.612,0,2,0.213,-6.02,1,0.424,168.197,4,0.684
4,A$AP Rocky,L$D,73,0.193,0.598,238307,0.252,0.138,2,0.0992,-15.086,1,0.0647,120.06,4,0.0352
5,A$AP Rocky,"Runnin (with A$AP Rocky, A$AP Ferg & Nicki Minaj)",73,0.17,0.545,131674,0.975,0,10,0.145,-3.193,0,0.454,123.906,5,0.609
6,A$AP Rocky,Everyday,73,0.0101,0.394,260987,0.661,0,4,0.343,-8.684,1,0.193,149.822,4,0.335
7,A$AP Rocky,"F**kin' Problems (feat. Drake, 2 Chainz & Kendrick Lamar)",67,0.024,0.852,233787,0.693,0,1,0.11,-6.87,1,0.274,95.967,4,0.66
8,A$AP Rocky,Fukk Sleep,72,0.443,0.793,192973,0.412,7.43e-05,2,0.219,-9.305,1,0.364,135.937,4,0.307
9,A$AP Rocky,A$AP Forever,71,0.224,0.469,233061,0.78,0,10,0.13,-6.49,0,0.122,125.999,4,0.444
0,Sebastian Yatra,Ya No Tiene Novio,86,0.048,0.632,198933,0.832,0,7,0.0705,-1.948,0,0.154,182.184,4,0.784
1,Sebastian Yatra,Un Año,84,0.148,0.771,164440,0.382,0,1,0.104,-6.808,0,0.0514,94.931,4,0.535
2,Sebastian Yatra,Vuelve,77,0.559,0.716,224013,0.474,0,11,0.135,-6.714,1,0.052,77.811,4,0.302
3,Sebastian Yatra,Robarte un Beso,77,0.0826,0.742,194742,0.858,0,10,0.364,-4.946,1,0.0483,95.049,4,0.64
4,Sebastian Yatra,No Hay Nadie Más,76,0.861,0.695,199733,0.379,0,6,0.106,-9.096,1,0.0339,105.108,4,0.808
5,Sebastian Yatra,Por Perro,72,0.429,0.684,245440,0.762,0,0,0.0852,-5.18,1,0.0501,172.009,4,0.892
6,Sebastian Yatra,A Partir De Hoy,75,0.186,0.652,196803,0.857,0,6,0.377,-5.044,1,0.0676,163.963,4,0.504
7,Sebastian Yatra,Contigo Siempre,74,0.0418,0.661,201440,0.503,0,7,0.0978,-8.508,1,0.0414,145.945,4,0.731
8,Sebastian Yatra,Ni Gucci Ni Prada - Remix,73,0.245,0.81,212693,0.756,0,2,0.358,-6.07,1,0.0969,105.005,4,0.919
9,Sebastian Yatra,Suena El Dembow,73,0.174,0.695,195813,0.856,0,0,0.116,-4.446,1,0.0547,91.911,4,0.728
0,Justin Timberlake,"CAN'T STOP THE FEELING! (Original Song from DreamWorks Animation's ""TROLLS"")",73,0.0106,0.669,237547,0.832,0,0,0.0968,-5.72,1,0.0682,113.035,4,0.7
1,Justin Timberlake,Say Something,76,0.103,0.707,278893,0.632,1.09e-05,10,0.0841,-7.031,1,0.0789,97.04,4,0.372
2,Justin Timberlake,Cry Me a River,75,0.575,0.624,288333,0.653,0,8,0.104,-6.582,0,0.176,73.884,4,0.565
3,Justin Timberlake,Mirrors,74,0.234,0.574,484147,0.512,0,5,0.0946,-6.664,0,0.0503,76.899,4,0.512
4,Justin Timberlake,Rock Your Body,72,0.202,0.891,267267,0.714,0.000234,4,0.0521,-6.055,0,0.14,100.972,4,0.818
5,Justin Timberlake,Love Never Felt so Good,70,0.132,0.775,246027,0.719,1.79e-06,7,0.0662,-6.212,0,0.0435,117.513,4,0.712
6,Justin Timberlake,My Love (feat. T.I.),70,0.277,0.772,276160,0.68,1.17e-05,11,0.682,-5.881,0,0.224,119.953,4,0.807
7,Justin Timberlake,What Goes Around.../...Comes Around (Interlude),70,0.131,0.685,448533,0.723,0.000935,7,0.592,-4.791,1,0.176,75.995,4,0.385
8,Justin Timberlake,Señorita,66,0.0729,0.841,294867,0.629,0,1,0.0742,-5.351,1,0.0442,97.963,4,0.87
9,Justin Timberlake,SexyBack (feat. Timbaland),59,0.0679,0.967,242800,0.599,0,7,0.0526,-5.659,0,0.0706,117.001,4,0.964
0,Michael Jackson,Billie Jean,81,0.0236,0.92,293827,0.654,0.0158,11,0.0359,-3.051,0,0.0401,117.046,4,0.847
1,Michael Jackson,Don’t Matter To Me (with Michael Jackson),80,0.493,0.826,245787,0.318,0.0131,10,0.11,-12.391,1,0.0574,103.002,4,0.138
2,Michael Jackson,Beat It - Single Version,76,0.0491,0.779,258040,0.867,7.98e-06,3,0.197,-3.704,0,0.0457,138.858,4,0.915
3,Michael Jackson,Smooth Criminal - 2012 Remaster,75,0.247,0.853,257760,0.981,0.468,8,0.306,-3.947,1,0.0751,118.193,4,0.595
4,Michael Jackson,Don't Stop 'Til You Get Enough - Single Version,74,0.126,0.878,365467,0.821,0.0461,11,0.183,-9.875,1,0.089,118.881,4,0.947
5,Michael Jackson,Rock with You - Single Version,73,0.179,0.808,220627,0.535,9.91e-05,1,0.158,-12.521,1,0.0353,114.031,4,0.848
6,Michael Jackson,The Way You Make Me Feel - 2012 Remaster,71,0.0544,0.877,298120,0.854,5.5e-05,1,0.144,-4.523,1,0.147,114.472,4,0.54
7,Michael Jackson,Love Never Felt so Good,70,0.132,0.775,246027,0.719,1.79e-06,7,0.0662,-6.212,0,0.0435,117.513,4,0.712
8,Michael Jackson,P.Y.T. (Pretty Young Thing),70,0.23,0.888,238733,0.815,0.000424,11,0.127,-4.909,0,0.0404,127.273,4,0.961
9,Michael Jackson,Remember the Time,70,0.153,0.831,239227,0.921,0.00213,5,0.305,-2.383,0,0.0581,108.002,4,0.794
0,21 Savage,a lot,90,0.0395,0.837,288624,0.636,0.00125,1,0.342,-7.643,1,0.086,145.972,4,0.274
1,21 Savage,monster,85,0.158,0.89,233040,0.607,0.000228,9,0.118,-6.916,0,0.124,134.022,4,0.224
2,21 Savage,Bank Account,82,0.0151,0.884,220307,0.346,7.04e-06,8,0.0871,-8.228,0,0.351,75.016,4,0.376
3,21 Savage,all my friends,81,0.171,0.713,211785,0.62,1.16e-06,0,0.118,-4.513,1,0.0422,130.09,4,0.206
4,21 Savage,can't leave without it,79,0.111,0.872,205352,0.591,0,6,0.144,-6.952,0,0.359,131.982,4,0.696
5,21 Savage,1.5,76,0.000244,0.885,148656,0.52,1.16e-06,1,0.454,-8.353,1,0.359,84.022,4,0.306
6,21 Savage,Bartier Cardi (feat. 21 Savage),76,0.00111,0.908,224285,0.524,0.000678,1,0.383,-7.955,1,0.181,138.015,4,0.109
7,21 Savage,ball w/o you,75,0.0467,0.892,195047,0.633,0.000189,8,0.139,-7.471,1,0.0902,137.994,4,0.459
8,21 Savage,asmr,75,0.0399,0.84,171714,0.543,0,1,0.117,-7.738,1,0.476,170.067,4,0.161
9,21 Savage,Ghostface Killers,74,0.331,0.782,268933,0.436,1.3e-05,2,0.342,-7.033,1,0.155,82.994,4,0.243
0,Wiz Khalifa,See You Again (feat. Charlie Puth),78,0.369,0.689,229526,0.481,1.03e-06,10,0.0649,-7.503,1,0.0815,80.025,4,0.283
1,Wiz Khalifa,Hopeless Romantic (feat. Swae Lee),78,0.307,0.877,226743,0.477,0,9,0.0929,-7.379,0,0.0587,127.023,4,0.552
2,Wiz Khalifa,"Sucker For Pain (with Wiz Khalifa, Imagine Dragons, Logic & Ty Dolla $ign feat. X Ambassadors)",77,0.255,0.502,243491,0.786,0,9,0.65,-4.378,0,0.317,169.021,4,0.739
3,Wiz Khalifa,"Young, Wild & Free (feat. Bruno Mars)",60,0.0897,0.553,207347,0.652,0,0,0.111,-6.685,1,0.206,94.505,4,0.551
4,Wiz Khalifa,Fr Fr (feat. Lil Skies),74,0.12,0.916,195591,0.493,2.63e-06,1,0.211,-7.371,0,0.162,140.057,4,0.327
5,Wiz Khalifa,Black and Yellow,72,0.0646,0.684,217667,0.834,0,2,0.271,-4.524,0,0.0675,164.02,4,0.538
6,Wiz Khalifa,Alright (feat. Trippie Redd & Preme),70,0.00988,0.708,177865,0.661,0,6,0.135,-5.028,0,0.11,155.962,4,0.293
7,Wiz Khalifa,So High (feat. Ghost Loft),67,0.118,0.628,249288,0.629,0,6,0.102,-4.829,0,0.0485,157.99,4,0.3
8,Wiz Khalifa,We Dem Boyz,67,0.00689,0.717,224933,0.862,0,8,0.321,-4.736,1,0.054,130.021,4,0.52
9,Wiz Khalifa,Real Rich (feat. Gucci Mane),67,0.0353,0.947,124526,0.441,0,2,0.111,-9.311,1,0.135,125.01,4,0.275
0,Zedd,The Middle,86,0.171,0.753,184732,0.657,0,7,0.112,-3.061,1,0.0449,107.01,4,0.437
1,Zedd,Happy Now,83,0.579,0.503,207030,0.741,1.49e-06,4,0.0712,-5.128,1,0.047,88.335,3,0.458
2,Zedd,Lost In Japan - Remix,82,0.0882,0.694,201253,0.852,0,7,0.334,-5.34,0,0.257,107.178,4,0.377
3,Zedd,Stay (with Alessia Cara),80,0.253,0.69,210091,0.622,0,5,0.116,-5.025,0,0.0622,102.04,4,0.544
4,Zedd,Clarity,71,0.0398,0.509,271427,0.781,0,8,0.0749,-3.48,1,0.072,128.0,4,0.176
5,Zedd,Beautiful Now,69,0.0079,0.628,218293,0.833,1.48e-05,11,0.074,-4.126,0,0.0282,128.003,4,0.56
6,Zedd,Get Low (with Liam Payne),67,0.027,0.718,204583,0.926,1.76e-05,1,0.0513,-3.511,1,0.0494,108.018,4,0.54
7,Zedd,I Want You To Know,66,0.00537,0.58,240000,0.846,6.62e-06,9,0.145,-2.876,0,0.0573,129.998,4,0.366
8,Zedd,Happy Now - Acoustic,62,0.882,0.555,152000,0.334,0,4,0.127,-6.763,1,0.0701,80.683,4,0.548
9,Zedd,Spectrum,62,0.0137,0.609,243413,0.801,0.00349,0,0.127,-4.417,0,0.034,129.99,4,0.407
0,Ty Dolla $ign,Nights Like This (feat. Ty Dolla $ign),88,0.367,0.61,201788,0.725,0,8,0.154,-5.131,1,0.15,146.163,4,0.291
1,Ty Dolla $ign,OTW,82,0.183,0.652,263014,0.678,3.26e-05,2,0.106,-6.183,1,0.0541,72.989,4,0.28
2,Ty Dolla $ign,Scared of the Dark (feat. XXXTENTACION),79,0.0468,0.443,233000,0.623,0,0,0.247,-6.717,0,0.0718,79.365,4,0.156
3,Ty Dolla $ign,Swalla (feat. Nicki Minaj & Ty Dolla $ign),79,0.075,0.696,216409,0.817,0,1,0.187,-3.862,1,0.109,98.064,4,0.782
4,Ty Dolla $ign,"Or Nah (feat. The Weeknd, Wiz Khalifa and DJ Mustard) - Remix",76,0.22,0.805,242983,0.33,0,1,0.105,-8.712,0,0.1,121.97,4,0.211
5,Ty Dolla $ign,The Light,58,0.0138,0.855,180027,0.497,4.43e-05,11,0.0294,-7.723,0,0.254,93.029,4,0.626
6,Ty Dolla $ign,Love U Better (feat. Lil Wayne & The-Dream),69,0.0802,0.645,181880,0.541,0,10,0.325,-6.312,0,0.0385,95.061,4,0.411
7,Ty Dolla $ign,Movin’ Up,69,0.197,0.938,167298,0.377,3.05e-05,0,0.178,-6.253,1,0.127,108.985,4,0.598
8,Ty Dolla $ign,Clout (feat. 21 Savage),69,0.136,0.88,200373,0.728,5.42e-05,10,0.337,-6.939,0,0.205,160.976,4,0.715
9,Ty Dolla $ign,Bad Bitch (feat. Ty Dolla $ign),68,0.0283,0.656,197253,0.615,0,5,0.234,-6.252,1,0.0539,139.91,4,0.366
0,Luis Fonsi,Imposible,69,0.127,0.783,164533,0.738,0,11,0.127,-4.078,1,0.0741,90.976,4,0.925
1,Luis Fonsi,Despacito - Remix,80,0.228,0.653,228827,0.816,0,2,0.0967,-4.353,1,0.167,178.086,4,0.816
2,Luis Fonsi,Échame La Culpa,69,0.0391,0.733,173800,0.897,0,0,0.117,-3.652,1,0.0389,96.006,4,0.649
3,Luis Fonsi,Baby (feat. MARINA & Luis Fonsi),68,0.356,0.755,205440,0.74,1.05e-05,0,0.0994,-5.354,0,0.04,116.946,4,0.33
4,Luis Fonsi,Calypso,58,0.158,0.863,200973,0.84,0,1,0.368,-3.7,0,0.0587,109.977,4,0.934
5,Luis Fonsi,Sola,65,0.509,0.737,205053,0.525,0,6,0.0608,-6.677,0,0.25,127.97,3,0.483
6,Luis Fonsi,Despacito,69,0.198,0.655,229360,0.797,0,2,0.067,-4.787,1,0.153,177.928,4,0.839
7,Luis Fonsi,Sigamos Bailando,68,0.0297,0.724,189160,0.865,0,4,0.0499,-2.945,0,0.0376,108.03,4,0.594
8,Luis Fonsi,Apaga La Luz,67,0.135,0.809,212307,0.79,0,8,0.323,-4.534,1,0.0602,106.93,4,0.791
9,Luis Fonsi,El Ultimo Adiós - Varios Artistas Version,66,0.641,0.276,237467,0.572,0,1,0.2,-7.818,1,0.0377,77.986,4,0.285
