,acousticness,artist_name,danceability,duration_ms,energy,instrumentalness,key,liveness,loudness,mode,song_names,song_popularity,speechiness,tempo,time_signature,valence
0,0.601,Ariana Grande,0.7709999999999999,178627,0.32,0.0,1,0.0885,-10.752,0,7 rings,84,0.316,139.844,4,0.312
1,0.24,Ariana Grande,0.735,207320,0.638,0.0,1,0.102,-5.605,1,"thank u, next",82,0.0785,107.016,4,0.402
2,0.0378,Ariana Grande,0.726,190440,0.545,0.0,5,0.10800000000000001,-5.489,0,"break up with your girlfriend, i'm bored",90,0.102,169.99099999999999,4,0.348
3,0.04,Ariana Grande,0.6990000000000001,205920,0.713,3.11e-06,9,0.294,-5.507000000000001,0,no tears left to cry,88,0.0594,121.993,4,0.354
4,0.364,Ariana Grande,0.7090000000000001,212267,0.474,0.0,8,0.12,-4.89,1,imagine,82,0.0423,125.10700000000001,3,0.366
5,0.0211,Ariana Grande,0.568,198160,0.6559999999999999,1.3699999999999998e-05,8,0.213,-5.412999999999999,1,breathin,87,0.0433,100.04899999999999,4,0.364
6,0.787,Ariana Grande,0.607,171573,0.314,3.13e-06,7,0.201,-8.026,0,needy,86,0.0372,86.99,4,0.16899999999999998
7,0.0233,Ariana Grande,0.602,197547,0.6579999999999999,5.9999999999999995e-05,1,0.237,-5.934,1,God is a woman,86,0.0558,145.031,4,0.268
8,0.0738,Ariana Grande,0.765,216893,0.6629999999999999,9.87e-05,2,0.20600000000000002,-5.185,0,bloodline,86,0.0886,151.97899999999998,4,0.633
9,0.45299999999999996,Ariana Grande,0.597,182000,0.45799999999999996,0.0,6,0.253,-6.909,1,NASA,59,0.29600000000000004,74.972,4,0.542
0,0.037000000000000005,Dua Lipa,0.7909999999999999,214847,0.862,2.1899999999999997e-05,9,0.0814,-3.24,0,One Kiss (with Dua Lipa),87,0.11,123.994,4,0.5920000000000001
1,0.0658,Dua Lipa,0.6779999999999999,189173,0.7290000000000001,0.0,8,0.303,-4.188,1,Kiss and Make Up,87,0.13699999999999998,99.895,4,0.643
2,0.0104,Dua Lipa,0.588,238173,0.67,3.33e-06,0,0.33799999999999997,-6.439,1,Electricity (with Dua Lipa),86,0.0473,118.15899999999999,4,0.505
3,0.0403,Dua Lipa,0.836,217947,0.544,0.0,7,0.0824,-5.975,1,IDGAF,85,0.0943,97.02799999999999,4,0.51
4,0.0026100000000000003,Dua Lipa,0.762,209320,0.7,1.56e-05,9,0.153,-6.021,0,New Rules,84,0.0694,116.073,4,0.608
5,0.00579,Dua Lipa,0.588,182075,0.821,0.000275,5,0.20800000000000002,-6.54,0,"Swan Song (From the Motion Picture ""Alita: Battle Angel"")",84,0.21600000000000003,188.09799999999998,4,0.509
6,0.0895,Dua Lipa,0.584,220883,0.54,0.0,1,0.261,-7.7860000000000005,0,Scared to Be Lonely,80,0.0576,137.972,4,0.195
7,0.0788,Dua Lipa,0.5720000000000001,211818,0.691,0.000132,8,0.0619,-4.783,0,Want To,61,0.12300000000000001,92.08200000000001,4,0.318
8,0.251,Dua Lipa,0.7170000000000001,281267,0.752,0.000468,0,0.0802,-6.933,1,One Kiss (with Dua Lipa) - Oliver Heldens Remix,73,0.065,123.97,4,0.14
9,0.11699999999999999,Dua Lipa,0.6609999999999999,202915,0.6509999999999999,1.32e-05,7,0.055999999999999994,-3.7710000000000004,0,Be The One,69,0.0499,87.46,4,0.368
0,0.099,Cardi B,0.816,253390,0.726,0.0,5,0.37200000000000005,-3.998,0,I Like It,88,0.129,136.048,4,0.65
1,0.00534,Cardi B,0.95,183527,0.59,0.0,8,0.11,-6.507999999999999,0,Money,88,0.29,130.003,4,0.21899999999999997
2,0.0185,Cardi B,0.7040000000000001,217289,0.8590000000000001,0.0,5,0.0215,-4.877,0,Finesse (Remix) [feat. Cardi B],81,0.0996,105.115,4,0.9259999999999999
3,0.0338,Cardi B,0.8959999999999999,303077,0.515,0.0,2,0.317,-5.395,1,MotorSport,80,0.183,138.016,4,0.174
4,0.0659,Cardi B,0.9259999999999999,223713,0.703,0.0,11,0.231,-6.337000000000001,0,Bodak Yellow,79,0.10300000000000001,125.022,4,0.485
5,0.0886,Cardi B,0.7959999999999999,190466,0.68,0.0,10,0.268,-4.853,0,Backin' It Up (feat. Cardi B),77,0.353,164.93200000000002,4,0.565
6,0.049,Cardi B,0.767,177140,0.5429999999999999,0.0,1,0.115,-7.881,0,Ring (feat. Kehlani),77,0.10300000000000001,106.029,4,0.485
7,0.0256,Cardi B,0.82,210787,0.568,0.0,6,0.0952,-8.23,0,Be Careful,76,0.41100000000000003,152.279,4,0.535
8,0.0011099999999999999,Cardi B,0.9079999999999999,224285,0.524,0.000678,1,0.38299999999999995,-7.955,1,Bartier Cardi (feat. 21 Savage),76,0.18100000000000002,138.015,4,0.109
9,0.0511,Cardi B,0.968,262308,0.589,0.0,11,0.0731,-7.808,1,Drip (feat. Migos),74,0.255,129.993,4,0.268
0,0.21600000000000003,Taylor Swift,0.75,232253,0.40399999999999997,0.000357,9,0.0911,-10.177999999999999,0,Delicate,72,0.0682,95.045,4,0.0499
1,0.0586,Taylor Swift,0.731,247160,0.445,1.9600000000000002e-05,0,0.14,-8.418,1,I Don’t Wanna Live Forever (Fifty Shades Darker),71,0.0533,117.97,4,0.106
2,0.0647,Taylor Swift,0.647,219200,0.8,0.0,7,0.33399999999999996,-5.3839999999999995,1,Shake It Off,62,0.165,160.078,4,0.9420000000000001
3,0.10300000000000001,Taylor Swift,0.76,231827,0.703,0.0,5,0.0913,-5.412000000000001,1,Blank Space,65,0.054000000000000006,95.99700000000001,4,0.57
4,0.204,Taylor Swift,0.7659999999999999,211853,0.7090000000000001,1.4099999999999999e-05,9,0.126,-6.471,0,Look What You Made Me Do,74,0.12300000000000001,128.07,4,0.506
5,0.00454,Taylor Swift,0.622,219720,0.469,2.25e-06,3,0.0335,-6.797999999999999,0,I Knew You Were Trouble.,73,0.0363,77.01899999999999,4,0.679
6,0.00845,Taylor Swift,0.649,244827,0.589,0.0,2,0.10800000000000001,-6.237,1,End Game,68,0.0558,159.07299999999998,4,0.151
7,0.0527,Taylor Swift,0.613,208187,0.764,0.0,2,0.19699999999999998,-6.5089999999999995,1,...Ready For It?,69,0.136,160.015,4,0.41700000000000004
8,0.131,Taylor Swift,0.617,236267,0.741,0.0,2,0.0772,-3.97,1,Love Story,72,0.0311,118.984,4,0.306
9,0.0692,Taylor Swift,0.55,220440,0.688,0.00144,8,0.106,-7.416,1,Wildest Dreams,63,0.0897,139.997,4,0.465
0,0.34600000000000003,Camila Cabello,0.638,180000,0.7170000000000001,0.0,2,0.105,-4.7219999999999995,1,Beautiful (feat. Camila Cabello),88,0.0337,100.027,4,0.249
1,0.184,Camila Cabello,0.765,217307,0.523,3.5600000000000005e-05,2,0.132,-4.333,1,Havana,86,0.03,104.988,4,0.39399999999999996
2,0.18100000000000002,Camila Cabello,0.637,226973,0.713,0.000637,0,0.13699999999999998,-4.333,1,Never Be the Same,79,0.0747,129.923,4,0.243
3,0.645,Camila Cabello,0.547,181913,0.289,0.0,0,0.14800000000000002,-8.131,1,Consequences - orchestra,78,0.0348,104.851,3,0.213
4,0.235,Camila Cabello,0.701,223583,0.512,5.07e-06,0,0.135,-6.869,0,Real Friends,77,0.0969,91.947,4,0.6629999999999999
5,0.889,Camila Cabello,0.455,178467,0.292,0.0,0,0.106,-6.792000000000001,1,Consequences,74,0.0563,84.339,5,0.43
6,0.33399999999999996,Camila Cabello,0.33399999999999996,216391,0.617,0.0,6,0.163,-5.834,0,Crying in the Club,74,0.38299999999999995,85.227,4,0.603
7,0.214,Camila Cabello,0.6970000000000001,239293,0.691,0.0,2,0.185,-4.757,1,Bad Things (with Camila Cabello),74,0.146,137.85299999999998,4,0.305
8,0.166,Camila Cabello,0.65,177160,0.758,0.0,2,0.0889,-4.02,1,She Loves Control,73,0.11599999999999999,94.9,4,0.6629999999999999
9,0.609,Camila Cabello,0.732,164373,0.436,0.0,1,0.10800000000000001,-7.409,0,All These Years,72,0.11699999999999999,94.852,4,0.475
0,0.00864,Rihanna,0.583,275987,0.8290000000000001,0.0,1,0.0426,-4.603,1,Umbrella,61,0.134,174.028,4,0.575
1,0.878,Rihanna,0.5760000000000001,188238,0.267,0.0,2,0.11900000000000001,-5.667999999999999,1,FourFiveSeconds,78,0.044000000000000004,205.888,4,0.326
2,0.0717,Rihanna,0.509,224000,0.637,1.0800000000000002e-05,4,0.0789,-4.83,0,Love On The Brain,72,0.0471,172.00599999999997,3,0.37799999999999995
3,0.248,Rihanna,0.6970000000000001,229413,0.467,0.0,9,0.0941,-7.5360000000000005,1,Take A Bow,78,0.0715,82.081,4,0.5720000000000001
4,0.0336,Rihanna,0.835,267080,0.669,6.92e-05,6,0.0535,-5.582000000000001,0,Don't Stop The Music,59,0.0643,122.66799999999999,4,0.542
5,0.0538,Rihanna,0.778,219306,0.741,2.04e-06,10,0.29,-4.97,0,Bitch Better Have My Money,75,0.0484,102.95,4,0.364
6,0.0752,Rihanna,0.725,219320,0.534,0.0,11,0.0919,-6.2379999999999995,1,Work,67,0.0946,91.97399999999999,4,0.5579999999999999
7,0.000155,Rihanna,0.779,246960,0.64,0.0007700000000000001,7,0.10099999999999999,-8.415,1,Pon de Replay,74,0.159,99.01899999999999,4,0.498
8,0.11,Rihanna,0.6709999999999999,191600,0.314,0.0,5,0.0825,-8.091000000000001,0,Needed Me,71,0.244,110.898,4,0.29600000000000004
9,0.945,Rihanna,0.621,240707,0.31,6.12e-05,9,0.11699999999999999,-10.164,0,Stay - Album Version (Edited),63,0.0283,111.89299999999999,4,0.125
0,0.0085,Sia,0.691,187027,0.716,9.06e-06,7,0.263,-5.985,1,"Thunderclouds (with Sia, Diplo & Labrinth)",85,0.0351,112.035,4,0.507
1,0.10099999999999999,Sia,0.258,239000,0.43700000000000006,1.27e-06,11,0.106,-6.593,0,Dusk Till Dawn - Radio Edit,82,0.039,180.043,4,0.0967
2,0.0817,Sia,0.631,194680,0.649,3.8e-06,5,0.0934,-5.892,0,Flames,57,0.0385,93.95,4,0.42100000000000004
3,0.0864,Sia,0.622,213040,0.621,9.8e-05,11,0.121,-4.9239999999999995,0,"Genius (with Sia, Diplo & Labrinth)",79,0.129,158.946,4,0.5670000000000001
4,0.0197,Sia,0.39899999999999997,216120,0.787,6.07e-05,1,0.0685,-2.88,1,Chandelier,71,0.0499,117.089,5,0.5720000000000001
5,0.192,Sia,0.365,203400,0.6920000000000001,1.51e-06,3,0.0862,-4.586,0,"Audio (with Sia, Diplo & Labrinth)",77,0.0671,89.99799999999999,4,0.37200000000000005
6,0.0472,Sia,0.628,211667,0.698,0.00143,6,0.0907,-5.608,0,Cheap Thrills,71,0.105,89.976,4,0.732
7,0.0102,Sia,0.6679999999999999,210227,0.725,0.000479,1,0.0561,-6.127000000000001,1,The Greatest,75,0.266,191.94400000000002,4,0.7290000000000001
8,0.0143,Sia,0.6579999999999999,162920,0.7829999999999999,0.000181,11,0.0543,-3.3810000000000002,0,"Genius (with Lil Wayne, Sia, Diplo & Labrinth - Lil Wayne Remix)",75,0.19399999999999998,159.049,4,0.745
9,0.0117,Sia,0.42100000000000004,257200,0.7909999999999999,1.4800000000000002e-05,9,0.146,-4.998,1,Elastic Heart,67,0.0496,130.075,4,0.499
0,0.0357,Demi Lovato,0.74,222707,0.622,4.85e-05,11,0.35600000000000004,-4.6080000000000005,0,Solo (feat. Demi Lovato),68,0.0446,104.96600000000001,4,0.556
1,0.0223,Demi Lovato,0.7020000000000001,203760,0.635,0.0,11,0.28300000000000003,-6.917000000000001,0,Sorry Not Sorry,81,0.265,144.004,4,0.873
2,0.0391,Demi Lovato,0.733,173800,0.897,0.0,0,0.11699999999999999,-3.6519999999999997,1,Échame La Culpa,69,0.0389,96.006,4,0.649
3,0.7979999999999999,Demi Lovato,0.397,197893,0.303,4.16e-06,1,0.0824,-10.413,1,Sober,79,0.11,170.22,3,0.17
4,0.475,Demi Lovato,0.41200000000000003,191308,0.47200000000000003,0.0,8,0.0974,-7.542999999999999,1,Stone Cold,77,0.0476,139.321,3,0.327
5,0.0241,Demi Lovato,0.536,236987,0.5820000000000001,0.0,3,0.18100000000000002,-5.452000000000001,0,Tell Me You Love Me,75,0.0433,82.14200000000001,4,0.253
6,0.00182,Demi Lovato,0.606,205746,0.763,0.00015900000000000002,10,0.11599999999999999,-6.197,0,Confident,73,0.0669,130.018,4,0.309
7,0.0738,Demi Lovato,0.504,210840,0.785,0.0,8,0.239,-4.802,1,Heart Attack,72,0.10400000000000001,173.968,4,0.502
8,0.00506,Demi Lovato,0.584,214740,0.614,9.7e-05,5,0.0802,-5.587000000000001,0,Cool for the Summer,72,0.0363,114.075,4,0.28
9,0.149,Demi Lovato,0.484,221293,0.604,0.0,7,0.131,-3.3139999999999996,1,Skyscraper,66,0.0328,103.316,4,0.18100000000000002
0,0.177,Nicki Minaj,0.754,229720,0.8540000000000001,0.0,5,0.0808,-3.449,0,Woman Like Me (feat. Nicki Minaj),74,0.0608,75.002,4,0.8
1,0.0166,Nicki Minaj,0.7659999999999999,174893,0.8809999999999999,2.3e-06,9,0.34700000000000003,-5.1579999999999995,0,"Familia (with Anuel Aa, feat. Bantu) - Spider-Man: Into the Spider-Verse",82,0.13699999999999998,112.027,5,0.674
2,0.0338,Nicki Minaj,0.8959999999999999,303077,0.515,0.0,2,0.317,-5.395,1,MotorSport,80,0.183,138.016,4,0.174
3,0.0311,Nicki Minaj,0.885,195992,0.5429999999999999,0.0,2,0.154,-6.337999999999999,1,Dip (feat. Nicki Minaj),80,0.2,99.02600000000001,4,0.43
4,0.075,Nicki Minaj,0.696,216409,0.8170000000000001,0.0,1,0.187,-3.862,1,Swalla (feat. Nicki Minaj & Ty Dolla $ign),79,0.109,98.064,4,0.782
5,0.26,Nicki Minaj,0.706,199387,0.7859999999999999,0.0,0,0.38,-3.417,0,Bang Bang,78,0.0909,150.035,4,0.7490000000000001
6,0.0348,Nicki Minaj,0.757,189533,0.73,6.17e-05,7,0.136,-6.303999999999999,1,Bed (feat. Ariana Grande),75,0.187,90.01299999999999,4,0.451
7,0.0533,Nicki Minaj,0.898,237493,0.733,0.00011499999999999999,7,0.102,-4.75,1,Good Form (feat. Lil Wayne),74,0.17800000000000002,96.51,4,0.295
8,0.276,Nicki Minaj,0.69,191600,0.7290000000000001,5.08e-05,6,0.106,-5.08,0,Chun-Li,74,0.37200000000000005,128.96,5,0.478
9,0.17,Nicki Minaj,0.545,131674,0.975,0.0,10,0.145,-3.193,0,"Runnin (with A$AP Rocky, A$AP Ferg & Nicki Minaj)",73,0.45399999999999996,123.906,5,0.609
0,0.153,Selena Gomez,0.841,212500,0.7979999999999999,3.33e-06,1,0.0618,-4.206,0,"Taki Taki (with Selena Gomez, Ozuna & Cardi B)",95,0.22899999999999998,95.948,4,0.591
1,0.129,Selena Gomez,0.72,197993,0.807,0.0,11,0.183,-4.59,0,Wolves,84,0.0432,124.946,4,0.305
2,0.0945,Selena Gomez,0.601,207905,0.7240000000000001,1.68e-06,6,0.12,-4.856,1,Back To You - From 13 Reasons Why – Season 2 Soundtrack,83,0.0486,102.061,4,0.508
3,0.11900000000000001,Selena Gomez,0.64,220781,0.5329999999999999,0.0,0,0.0864,-6.596,1,It Ain’t Me (with Selena Gomez),69,0.0706,99.96799999999999,4,0.515
4,0.18899999999999997,Selena Gomez,0.965,214648,0.414,0.0,1,0.0767,-6.4079999999999995,1,Bad Liar,75,0.0713,121.03200000000001,4,0.728
5,0.0198,Selena Gomez,0.7070000000000001,186113,0.611,3.59e-06,2,0.0651,-4.474,1,Fetish (feat. Gucci Mane),73,0.0639,123.006,4,0.285
6,0.053,Selena Gomez,0.616,227360,0.789,0.0,7,0.142,-4.874,0,The Heart Wants What It Wants,71,0.0377,83.066,4,0.621
7,0.0147,Selena Gomez,0.8109999999999999,200680,0.499,2.44e-06,5,0.342,-7.1610000000000005,0,Hands To Myself,66,0.11800000000000001,111.016,4,0.466
8,0.00795,Selena Gomez,0.757,217907,0.884,5.870000000000001e-05,10,0.0973,-5.4879999999999995,0,Kill Em With Kindness,63,0.0404,120.012,4,0.39799999999999996
9,0.0223,Selena Gomez,0.672,229080,0.593,0.0,11,0.214,-4.01,0,Same Old Love,64,0.0304,98.02,4,0.43799999999999994
0,0.297,Halsey,0.752,201661,0.488,9.11e-06,6,0.0936,-7.05,1,Without Me,97,0.0705,136.041,4,0.5329999999999999
1,0.5489999999999999,Halsey,0.632,170770,0.6859999999999999,0.0,6,0.2,-7.665,0,Eastside (with Halsey & Khalid),81,0.243,89.949,4,0.32899999999999996
2,0.0534,Halsey,0.589,268867,0.731,0.0,2,0.308,-6.343,1,Him & I (with Halsey),80,0.0868,87.90799999999999,4,0.191
3,0.0604,Halsey,0.675,181279,0.7509999999999999,0.0,0,0.0893,-3.5389999999999997,1,Bad At Love,80,0.0296,118.384,4,0.612
4,0.35100000000000003,Halsey,0.742,228816,0.515,0.0,6,0.184,-6.103,1,Without Me (with Juice WRLD),79,0.0747,136.02,4,0.452
5,0.9129999999999999,Halsey,0.513,220541,0.25,0.0,5,0.11699999999999999,-9.376,0,Sorry,76,0.0367,74.10300000000001,4,0.35100000000000003
6,0.107,Halsey,0.67,214802,0.585,1.11e-06,6,0.131,-4.861000000000001,0,Now Or Never,74,0.0354,110.03,4,0.447
7,0.223,Halsey,0.731,199593,0.58,0.0,10,0.129,-7.327999999999999,0,Gasoline,74,0.0399,119.99700000000001,4,0.319
8,0.483,Halsey,0.639,248906,0.71,2.22e-06,6,0.21899999999999997,-3.358,1,Without Me - ILLENIUM Remix,72,0.0479,136.004,4,0.373
9,0.13699999999999998,Halsey,0.8290000000000001,199199,0.8190000000000001,0.00792,2,0.282,-3.43,0,Alone (Calvin Harris Remix) (Feat. Stefflon Don),70,0.131,123.944,4,0.35
0,0.0133,The Carters,0.705,264853,0.784,0.0,2,0.168,-6.477,1,APESHIT,71,0.271,160.035,4,0.377
1,0.187,The Carters,0.813,244133,0.488,0.000132,11,0.231,-7.737,0,BOSS,58,0.257,139.983,4,0.688
2,0.092,The Carters,0.912,233680,0.5329999999999999,1.48e-06,1,0.174,-5.587000000000001,1,NICE,58,0.0618,119.92200000000001,4,0.20800000000000002
3,0.13699999999999998,The Carters,0.75,344293,0.573,1.89e-05,10,0.133,-8.391,0,FRIENDS,56,0.0779,143.94799999999998,4,0.303
4,0.12,The Carters,0.5920000000000001,285200,0.569,1.75e-05,10,0.251,-6.374,1,SUMMER,55,0.0634,135.414,4,0.562
5,0.373,The Carters,0.6829999999999999,190027,0.43700000000000006,0.0,11,0.102,-9.867,0,HEARD ABOUT US,54,0.14,116.919,4,0.198
6,0.0113,The Carters,0.65,229027,0.9059999999999999,0.0,0,0.166,-5.284,1,LOVEHAPPY,53,0.22899999999999998,81.994,4,0.579
7,0.18600000000000003,The Carters,0.498,193387,0.6659999999999999,0.0,6,0.0794,-5.907,0,713,52,0.381,177.84400000000002,4,0.39899999999999997
8,0.18100000000000002,The Carters,0.45899999999999996,315040,0.6859999999999999,0.0,0,0.48100000000000004,-6.5920000000000005,0,BLACK EFFECT,52,0.45299999999999996,147.703,4,0.545
0,0.13699999999999998,Bebe Rexha,0.703,198947,0.66,0.0,10,0.192,-5.119,0,Say My Name,72,0.12300000000000001,95.031,4,0.79
1,0.00281,Bebe Rexha,0.63,195519,0.6940000000000001,0.0,11,0.0719,-6.257000000000001,0,I'm a Mess,85,0.0253,97.005,4,0.21600000000000003
2,0.0476,Bebe Rexha,0.642,164205,0.772,0.0,10,0.0646,-6.61,1,Meant to Be (feat. Florida Georgia Line),70,0.0848,153.995,4,0.589
3,0.109,Bebe Rexha,0.501,195707,0.519,0.0,4,0.45399999999999996,-5.88,0,In the Name of Love,80,0.0409,133.99,4,0.168
4,0.0186,Bebe Rexha,0.757,251467,0.672,0.0,0,0.158,-6.524,0,"Me, Myself & I",77,0.0955,111.99600000000001,4,0.382
5,0.0164,Bebe Rexha,0.728,221153,0.69,0.0,8,0.10400000000000001,-4.343999999999999,0,"Girls (feat. Cardi B, Bebe Rexha & Charli XCX)",61,0.0524,94.02799999999999,4,0.415
6,0.00413,Bebe Rexha,0.653,202805,0.718,0.0,3,0.0537,-5.232,0,"Home (with Machine Gun Kelly, X Ambassadors & Bebe Rexha)",73,0.213,82.03399999999999,4,0.21600000000000003
7,0.0781,Bebe Rexha,0.777,206581,0.5770000000000001,1.02e-06,11,0.0869,-6.872000000000001,0,Knees,70,0.0357,109.01899999999999,4,0.381
8,0.0283,Bebe Rexha,0.6559999999999999,197253,0.615,0.0,5,0.23399999999999999,-6.252000000000001,1,Bad Bitch (feat. Ty Dolla $ign),68,0.0539,139.91,4,0.366
9,0.0593,Bebe Rexha,0.652,174507,0.773,0.0,11,0.0615,-4.815,0,Self Control,68,0.0337,97.515,4,0.183
0,0.205,Anne-Marie,0.626,202621,0.88,0.0,9,0.128,-2.384,0,FRIENDS,86,0.0504,95.079,4,0.534
1,0.0372,Anne-Marie,0.6970000000000001,186987,0.6829999999999999,0.0,1,0.13699999999999998,-2.8810000000000002,0,2002,83,0.11699999999999999,96.133,4,0.603
2,0.237,Anne-Marie,0.67,218293,0.743,0.0,10,0.465,-4.993,1,Rewrite The Stars (with James Arthur & Anne-Marie),78,0.0393,125.944,4,0.5710000000000001
3,0.0889,Anne-Marie,0.604,197853,0.546,0.0,8,0.0734,-5.691,1,Perfect To Me,78,0.151,179.847,4,0.402
4,0.177,Anne-Marie,0.6940000000000001,183747,0.617,0.0,4,0.11,-7.837999999999999,0,Don't Leave Me Alone (feat. Anne-Marie),57,0.0469,127.928,4,0.496
5,0.00295,Anne-Marie,0.662,205760,0.8440000000000001,4.7799999999999996e-05,8,0.525,-5.495,1,Let Me Live (feat. Anne-Marie & Mr Eazi),51,0.0669,145.007,4,0.763
6,0.136,Anne-Marie,0.6940000000000001,199773,0.853,0.0,7,0.322,-3.986,1,Ciao Adios,63,0.0934,106.098,4,0.501
7,0.0812,Anne-Marie,0.7559999999999999,205593,0.589,0.0,0,0.17600000000000002,-5.093,1,Alarm,61,0.23199999999999998,146.928,4,0.8109999999999999
8,0.539,Anne-Marie,0.68,218049,0.547,0.0,8,0.0877,-4.762,1,Let Me Live - Acoustic,44,0.0414,142.053,4,0.6409999999999999
9,0.0111,Anne-Marie,0.597,216960,0.937,2.96e-06,10,0.14400000000000002,-3.36,1,Rewrite The Stars - Wideboy's Hands In The Air Remix,63,0.0406,124.995,4,0.7090000000000001
0,0.74,Billie Eilish,0.905,193143,0.389,0.162,8,0.106,-14.505,1,bury a friend,92,0.332,120.046,4,0.196
1,0.9790000000000001,Billie Eilish,0.498,199931,0.10400000000000001,7.859999999999999e-05,1,0.0895,-14.08,0,when the party's over,92,0.0621,124.001,3,0.205
2,0.934,Billie Eilish,0.35100000000000003,200186,0.29600000000000004,0.0,4,0.095,-10.109,0,lovely (with Khalid),89,0.0333,115.28399999999999,4,0.12
3,0.737,Billie Eilish,0.483,203569,0.41200000000000003,0.0,7,0.11599999999999999,-8.461,1,idontwannabeyouanymore,87,0.0402,170.16299999999998,3,0.247
4,0.46,Billie Eilish,0.695,179172,0.573,0.0734,4,0.48200000000000004,-8.597000000000001,0,bellyache,84,0.106,99.939,4,0.408
5,0.8190000000000001,Billie Eilish,0.475,200560,0.37,0.0577,4,0.0841,-7.725,0,ocean eyes,71,0.0361,144.828,4,0.157
6,0.693,Billie Eilish,0.64,210376,0.321,0.0307,0,0.114,-14.604000000000001,1,come out and play,83,0.0931,145.045,4,0.177
7,0.479,Billie Eilish,0.6970000000000001,180567,0.552,0.127,1,0.147,-10.270999999999999,0,you should see me in a crown,83,0.196,75.235,4,0.278
8,0.47200000000000003,Billie Eilish,0.6920000000000001,170852,0.39399999999999996,0.00019099999999999998,11,0.11699999999999999,-8.745,0,my boy,83,0.207,89.936,4,0.324
9,0.919,Billie Eilish,0.777,176472,0.42200000000000004,0.00877,0,0.0958,-10.113999999999999,1,bitches broken hearts,82,0.0482,120.041,4,0.187
0,0.284,Shakira,0.778,218093,0.8240000000000001,0.0,10,0.405,-5.892,0,Hips Don't Lie,81,0.0712,100.024,4,0.7559999999999999
1,0.39,Shakira,0.7659999999999999,231921,0.8220000000000001,3.37e-05,1,0.349,-4.126,0,Clandestino,80,0.16,165.842,4,0.8809999999999999
2,0.187,Shakira,0.852,195840,0.773,3.05e-05,8,0.159,-2.9210000000000003,0,Chantaje (feat. Maluma),76,0.0776,102.03399999999999,4,0.907
3,0.187,Shakira,0.75,195213,0.76,0.0,1,0.0548,-4.836,1,Perro Fiel (feat. Nicky Jam),74,0.198,183.817,4,0.893
4,0.00627,Shakira,0.7659999999999999,202627,0.873,0.0,11,0.0764,-6.381,0,Waka Waka (This Time for Africa) [The Official 2010 FIFA World Cup (TM) Song],73,0.14300000000000002,126.988,4,0.743
5,0.21,Shakira,0.745,229510,0.9440000000000001,1.48e-06,0,0.33299999999999996,-3.9589999999999996,1,La Bicicleta,72,0.134,179.99099999999999,4,0.951
6,0.193,Shakira,0.74,226893,0.879,8.25e-05,9,0.0928,-2.251,0,Me Enamoré,72,0.105,103.71,4,0.948
7,0.23600000000000002,Shakira,0.7929999999999999,196160,0.8320000000000001,1.12e-05,1,0.20199999999999999,-4.862,0,"Whenever, Wherever",71,0.0406,107.661,4,0.872
8,0.0297,Shakira,0.74,212893,0.7829999999999999,0.000308,0,0.12300000000000001,-5.367000000000001,1,La Tortura (feat. Alejandro Sanz),71,0.0427,100.01100000000001,4,0.812
9,0.39,Shakira,0.732,196480,0.8009999999999999,0.0,9,0.31,-3.859,1,Deja vu,70,0.0327,123.98100000000001,4,0.8240000000000001
0,0.371,Lady Gaga,0.5720000000000001,215733,0.385,0.0,7,0.231,-6.362,1,Shallow,91,0.0308,95.79899999999999,4,0.32299999999999995
1,0.299,Lady Gaga,0.5529999999999999,210200,0.502,0.0,0,0.764,-5.972,1,Always Remember Us This Way,83,0.0409,129.976,4,0.29600000000000004
2,0.43700000000000006,Lady Gaga,0.665,205280,0.424,0.0,0,0.107,-7.837999999999999,1,Million Reasons,80,0.0444,129.911,4,0.134
3,0.785,Lady Gaga,0.45,281235,0.335,1.25e-06,7,0.0979,-7.4639999999999995,1,I'll Never Love Again - Film Version - Radio Edit,78,0.0298,109.90799999999999,4,0.25
4,0.392,Lady Gaga,0.625,199200,0.35600000000000004,0.0012900000000000001,2,0.1,-9.044,1,Music To My Eyes,74,0.0319,114.805,3,0.325
5,0.139,Lady Gaga,0.846,237200,0.815,2.19e-06,4,0.131,-4.512,1,Poker Face,67,0.0761,118.999,4,0.831
6,0.456,Lady Gaga,0.8490000000000001,175240,0.493,0.000463,1,0.133,-4.1,0,Look What I Found,73,0.0417,97.012,4,0.447
7,0.00305,Lady Gaga,0.6970000000000001,294573,0.9209999999999999,3.65e-05,0,0.0831,-3.75,1,Bad Romance,66,0.0391,118.99,4,0.721
8,0.7120000000000001,Lady Gaga,0.40299999999999997,328016,0.35600000000000004,2.04e-06,7,0.109,-6.172999999999999,1,I'll Never Love - Extended Version - Radio Edit,73,0.0287,108.98899999999999,4,0.19399999999999998
9,0.868,Lady Gaga,0.557,191280,0.27899999999999997,1.25e-05,6,0.0978,-7.757000000000001,1,Is That Alright?,72,0.0372,102.727,4,0.263
0,0.0605,SZA,0.698,232187,0.633,0.000194,8,0.0926,-4.946000000000001,1,All The Stars (with SZA),83,0.0597,96.92399999999999,4,0.552
1,0.111,SZA,0.795,275080,0.594,0.0,0,0.162,-6.2,1,Love Galore (feat. Travis Scott),77,0.0747,135.002,4,0.409
2,0.495,SZA,0.775,171806,0.573,0.0,11,0.126,-4.933,1,The Weekend - Funk Wav Remix,74,0.0585,101.925,4,0.667
3,0.24100000000000002,SZA,0.48700000000000004,272187,0.366,0.0,8,0.126,-9.405,0,The Weekend,74,0.0531,68.191,5,0.161
4,0.27,SZA,0.8859999999999999,200205,0.473,2.58e-05,7,0.0864,-7.337999999999999,0,I Do (feat. SZA),73,0.255,135.065,4,0.43799999999999994
5,0.13,SZA,0.684,231253,0.6829999999999999,0.0,6,0.156,-7.3660000000000005,1,Broken Clocks,72,0.177,112.85600000000001,4,0.406
6,0.0705,SZA,0.727,208400,0.456,0.0,9,0.124,-7.26,1,Garden (Say It Like Dat),70,0.285,111.331,4,0.5479999999999999
7,0.493,SZA,0.578,231400,0.523,0.0,0,0.147,-5.537999999999999,0,Drew Barrymore,67,0.0429,134.931,4,0.29
8,0.6509999999999999,SZA,0.612,181120,0.442,0.0,6,0.26,-8.874,1,Supermodel,67,0.289,119.235,5,0.253
9,0.34299999999999997,SZA,0.6920000000000001,266080,0.713,0.0,10,0.102,-4.489,0,Doves In The Wind,65,0.35100000000000003,137.36,4,0.615
0,0.892,Adele,0.5589999999999999,285040,0.33,0.0,9,0.0975,-8.251,1,Someone Like You,77,0.0285,135.109,4,0.285
1,0.894,Adele,0.552,212040,0.18,0.000393,10,0.105,-10.583,1,Make You Feel My Love,72,0.0293,76.995,4,0.0896
2,0.348,Adele,0.381,290907,0.594,0.0,3,0.0925,-5.97,1,When We Were Young,72,0.0486,143.86,4,0.273
3,0.131,Adele,0.7290000000000001,228293,0.7559999999999999,0.0,8,0.0527,-5.119,1,Rolling in the Deep,72,0.0294,104.945,4,0.522
4,0.0415,Adele,0.69,223080,0.524,3.16e-06,6,0.17,-8.39,0,Send My Love (To Your New Lover),72,0.10300000000000001,164.023,4,0.562
5,0.0038200000000000005,Adele,0.61,241693,0.6829999999999999,1.79e-06,2,0.125,-3.8789999999999996,0,Set Fire to the Rain,72,0.0253,108.00299999999999,4,0.466
6,0.882,Adele,0.5870000000000001,271800,0.28300000000000003,0.0,4,0.149,-5.473,1,All I Ask,69,0.0279,141.961,4,0.34299999999999997
7,0.336,Adele,0.48100000000000004,295493,0.451,0.0,5,0.0872,-6.095,0,Hello,70,0.0347,157.966,4,0.289
8,0.0189,Adele,0.596,240427,0.838,1.5399999999999998e-05,5,0.10800000000000001,-6.52,0,Water Under the Bridge,68,0.0704,94.98200000000001,4,0.47200000000000003
9,0.9520000000000001,Adele,0.305,250133,0.452,1.6800000000000002e-05,0,0.129,-6.077000000000001,0,Turning Tables,65,0.0293,79.83,4,0.21
0,0.046,Anitta,0.792,158005,0.768,3.39e-06,4,0.067,-5.074,0,Veneno,81,0.107,89.917,4,0.295
1,0.1,Anitta,0.6970000000000001,207143,0.772,0.0,8,0.418,-5.0280000000000005,0,Mala Mía - Remix,80,0.309,180.046,4,0.858
2,0.32899999999999996,Anitta,0.8909999999999999,146276,0.805,0.0,8,0.27699999999999997,-5.836,0,Terremoto,79,0.0898,95.045,4,0.9670000000000001
3,0.18,Anitta,0.775,193456,0.679,7.26e-05,4,0.068,-4.985,0,Downtown,78,0.135,166.00799999999998,4,0.619
4,0.0441,Anitta,0.7979999999999999,141508,0.784,0.0129,4,0.149,-3.545,0,Medicina,74,0.0667,93.96,4,0.653
5,0.21600000000000003,Anitta,0.544,172655,0.903,0.0,11,0.11699999999999999,-4.11,0,Romance Com Safadeza,73,0.0693,155.97,4,0.765
6,0.0227,Anitta,0.8759999999999999,201532,0.55,4.52e-05,2,0.294,-5.4639999999999995,1,Vai malandra (feat. Tropkillaz & DJ Yuri Martins),72,0.152,129.924,4,0.557
7,0.0131,Anitta,0.6679999999999999,180304,0.526,0.0,5,0.147,-6.1739999999999995,0,Ao Vivo E A Cores,70,0.0352,135.032,4,0.42
8,0.0927,Anitta,0.821,184107,0.736,0.0,0,0.0542,-4.484,0,Jacuzzi,71,0.0669,93.009,4,0.94
9,0.16,Anitta,0.8740000000000001,205188,0.602,0.000842,7,0.096,-5.118,1,Indecente,70,0.127,127.99700000000001,4,0.5870000000000001
0,0.965,Lana Del Rey,0.49200000000000005,324302,0.14400000000000002,1.84e-06,7,0.161,-10.125,1,hope is a dangerous thing for a woman like me to have - but I have it,77,0.0708,164.83900000000003,3,0.27399999999999997
1,0.271,Lana Del Rey,0.307,236053,0.425,3.09e-05,11,0.11,-8.924,0,Young And Beautiful,74,0.0372,108.693,4,0.136
2,0.0153,Lana Del Rey,0.564,214912,0.8109999999999999,8.72e-06,1,0.125,-5.734,0,Summertime Sadness (Lana Del Rey Vs. Cedric Gervais) - Cedric Gervais Remix / Radio Edit,72,0.0513,126.007,4,0.114
3,0.48700000000000004,Lana Del Rey,0.527,272743,0.366,0.0023,10,0.11,-10.943,1,Love,72,0.0277,98.994,4,0.23399999999999999
4,0.795,Lana Del Rey,0.528,246421,0.284,0.000303,9,0.109,-11.487,1,Mariners Apartment Complex,71,0.0287,76.012,4,0.172
5,0.604,Lana Del Rey,0.504,264066,0.655,0.00193,0,0.364,-8.644,0,Lust For Life (with The Weeknd),69,0.0542,99.98200000000001,4,0.262
6,0.9159999999999999,Lana Del Rey,0.38799999999999996,576346,0.29600000000000004,0.267,9,0.105,-13.04,0,Venice Bitch,68,0.0301,78.785,4,0.294
7,0.812,Lana Del Rey,0.317,281947,0.273,2.93e-06,6,0.086,-9.609,0,Video Games - Remastered,56,0.0307,131.311,4,0.193
8,0.0485,Lana Del Rey,0.563,264773,0.6459999999999999,4.36e-06,1,0.11800000000000001,-6.864,0,Summertime Sadness,57,0.033,111.97200000000001,4,0.24600000000000002
9,0.048,Lana Del Rey,0.449,180902,0.534,0.0011,8,0.384,-9.493,0,Cherry,67,0.0494,94.26100000000001,3,0.342
0,0.49,Julia Michaels,0.755,174861,0.625,0.0,2,0.157,-7.114,1,There's No Way (feat. Julia Michaels),83,0.0896,147.02,4,0.374
1,0.299,Julia Michaels,0.693,205987,0.624,7.64e-06,0,0.0955,-7.482,0,I Miss You (feat. Julia Michaels),81,0.0448,105.00200000000001,4,0.369
2,0.5710000000000001,Julia Michaels,0.8029999999999999,210147,0.384,0.0,7,0.19399999999999998,-6.522,1,Anxiety (with Selena Gomez),80,0.179,141.924,4,0.503
3,0.662,Julia Michaels,0.518,173307,0.467,0.0,0,0.0853,-6.184,1,What A Time (feat. Niall Horan),78,0.0302,132.85399999999998,4,0.386
4,0.857,Julia Michaels,0.552,191787,0.371,0.0,7,0.0838,-9.104,0,Heaven,77,0.0359,199.843,3,0.245
5,0.401,Julia Michaels,0.728,176320,0.415,0.0,8,0.0616,-6.852,1,Issues,75,0.0639,114.145,4,0.455
6,0.25,Julia Michaels,0.654,207857,0.547,0.0,10,0.0961,-6.598,1,Jump (with Trippie Redd),75,0.127,173.981,4,0.507
7,0.33799999999999997,Julia Michaels,0.633,168640,0.5589999999999999,0.0,6,0.262,-5.135,1,Hurt Somebody,63,0.313,114.98299999999999,4,0.473
8,0.254,Julia Michaels,0.6920000000000001,192373,0.47100000000000003,0.0,9,0.23600000000000002,-7.124,1,Into You,67,0.0487,158.004,4,0.8270000000000001
9,0.865,Julia Michaels,0.556,216294,0.31,0.0,3,0.0793,-9.33,1,I Miss You (feat. Julia Michaels) - Acoustic,66,0.0302,104.77600000000001,4,0.49200000000000005
0,0.0337,Hailee Steinfeld,0.6629999999999999,174800,0.708,0.0,8,0.0841,-4.154,1,"Let Me Go (with Alesso, Florida Georgia Line & watt)",84,0.0473,103.073,4,0.742
1,0.37799999999999995,Hailee Steinfeld,0.7290000000000001,181880,0.615,0.0,4,0.105,-4.238,1,Starving,80,0.0647,99.98899999999999,4,0.508
2,0.0337,Hailee Steinfeld,0.6609999999999999,219373,0.8140000000000001,8.27e-06,0,0.0518,-5.529,1,Capital Letters,79,0.0759,99.963,4,0.45899999999999996
3,0.0485,Hailee Steinfeld,0.76,204400,0.588,0.0,9,0.0847,-7.082000000000001,1,Most Girls,77,0.0775,102.97399999999999,4,0.384
4,0.0026,Hailee Steinfeld,0.617,218773,0.759,0.0,0,0.419,-6.785,0,Love Myself,74,0.0677,122.925,4,0.324
5,0.0127,Hailee Steinfeld,0.638,233858,0.659,0.0,10,0.187,-6.215,0,"Back to Life - from ""Bumblebee""",73,0.0627,103.029,4,0.341
6,0.327,Hailee Steinfeld,0.52,178320,0.623,0.0,3,0.127,-6.35,1,"Flashlight (Sweet Life Mix) - From ""Pitch Perfect 2"" Soundtrack",71,0.0711,148.22799999999998,4,0.278
7,0.313,Hailee Steinfeld,0.612,198240,0.706,0.0,8,0.053,-5.0360000000000005,1,Rock Bottom,70,0.0602,157.964,4,0.7240000000000001
8,0.00798,Hailee Steinfeld,0.62,216333,0.696,1e-06,11,0.113,-6.3229999999999995,1,You're Such A,68,0.0997,176.033,4,0.705
9,0.043,Hailee Steinfeld,0.698,181859,0.66,0.0,2,0.18600000000000003,-5.428999999999999,0,Woke Up Late (feat. Hailee Steinfeld),64,0.083,119.214,4,0.35100000000000003
0,0.0285,P!nk,0.489,269600,0.588,2.11e-06,1,0.0906,-6.1770000000000005,1,What About Us,76,0.0507,113.617,4,0.187
1,0.272,P!nk,0.312,273640,0.499,0.0,7,0.0901,-6.282,1,A Million Dreams,76,0.0397,148.173,4,0.191
2,0.34600000000000003,P!nk,0.778,242733,0.547,0.000302,2,0.132,-7.273,1,Just Give Me a Reason (feat. Nate Ruess),70,0.0489,95.00200000000001,4,0.441
3,0.00629,P!nk,0.7,203333,0.695,0.0,7,0.0319,-4.973,1,Raise Your Glass,72,0.0897,122.02799999999999,4,0.633
4,0.0868,P!nk,0.41200000000000003,250053,0.619,2.55e-06,7,0.4,-6.39,1,Beautiful Trauma,70,0.0725,95.977,4,0.23399999999999999
5,0.0114,P!nk,0.632,215414,0.701,0.0,7,0.10800000000000001,-5.921,1,"Just Like Fire (From the Original Motion Picture ""Alice Through The Looking Glass"")",69,0.146,162.958,4,0.49700000000000005
6,0.0174,P!nk,0.7509999999999999,264847,0.7659999999999999,8.07e-06,5,0.6579999999999999,-3.594,1,"Lady Marmalade - From ""Moulin Rouge"" Soundtrack",62,0.0515,109.897,4,0.6729999999999999
7,0.000304,P!nk,0.535,215160,0.8859999999999999,2.26e-06,11,0.257,-3.1060000000000003,1,So What,64,0.045,126.012,4,0.445
8,0.00141,P!nk,0.6729999999999999,247907,0.629,0.0,2,0.0944,-7.072,1,Try,62,0.0299,103.99799999999999,4,0.551
9,0.008159999999999999,P!nk,0.716,210093,0.62,3.29e-06,9,0.0718,-5.586,0,Secrets,65,0.0438,119.90799999999999,4,0.45799999999999996
0,0.354,Natti Natasha,0.7909999999999999,188560,0.745,2.9299999999999997e-05,11,0.10400000000000001,-3.695,0,Sin Pijama,84,0.0464,94.014,4,0.82
1,0.175,Natti Natasha,0.8370000000000001,217653,0.784,0.0,7,0.0897,-4.531000000000001,0,No Me Acuerdo,80,0.10099999999999999,94.036,4,0.748
2,0.03,Natti Natasha,0.8140000000000001,232550,0.813,9.329999999999999e-05,2,0.255,-3.023,0,Criminal,80,0.0561,79.997,4,0.8390000000000001
3,0.0719,Natti Natasha,0.853,197293,0.6990000000000001,0.0184,1,0.0684,-4.282,0,Me Gusta,77,0.0473,96.01299999999999,4,0.68
4,0.0878,Natti Natasha,0.8290000000000001,276253,0.8420000000000001,0.00038500000000000003,2,0.314,-2.823,1,Zum Zum - Remix,74,0.0561,91.992,4,0.466
5,0.47700000000000004,Natti Natasha,0.845,159893,0.769,1.87e-06,9,0.0887,-3.429,0,Pa' Mala Yo,73,0.0783,101.99,4,0.45899999999999996
6,0.0431,Natti Natasha,0.809,209227,0.899,0.0,9,0.171,-1.0979999999999999,0,Justicia,72,0.10300000000000001,95.016,4,0.733
7,0.353,Natti Natasha,0.5670000000000001,225520,0.73,1.73e-06,9,0.154,-6.747999999999999,0,Amantes de una Noche,68,0.213,87.23700000000001,4,0.525
8,0.214,Natti Natasha,0.6709999999999999,240000,0.794,0.000517,10,0.17300000000000001,-5.16,0,Tonta,66,0.0533,171.977,4,0.763
9,0.408,Natti Natasha,0.7140000000000001,271013,0.738,0.00014099999999999998,9,0.081,-5.307,0,Quien Sabe,66,0.0274,127.936,4,0.7809999999999999
0,0.00314,Katy Perry,0.645,215672,0.585,0.0,6,0.165,-6.122000000000001,1,Dark Horse,75,0.0513,131.931,4,0.353
1,0.00487,Katy Perry,0.5539999999999999,223546,0.772,6.6e-06,7,0.354,-4.821000000000001,0,Roar,74,0.0418,179.984,4,0.455
2,0.0184,Katy Perry,0.8390000000000001,242520,0.705,1.77e-05,5,0.102,-5.194,0,Swish Swish,74,0.0445,119.954,4,0.575
3,0.0814,Katy Perry,0.446,237733,0.8,0.0,0,0.19899999999999998,-5.404,1,Chained To The Rhythm,73,0.174,189.89,4,0.474
4,0.00125,Katy Perry,0.652,230733,0.812,3.01e-05,3,0.667,-3.7969999999999997,0,Last Friday Night (T.G.I.F.),60,0.0409,126.023,4,0.72
5,0.141,Katy Perry,0.638,227893,0.8320000000000001,0.0,8,0.113,-5.039,1,Firework,59,0.049,124.071,4,0.648
6,0.00266,Katy Perry,0.397,228879,0.725,0.0,7,0.20800000000000002,-4.862,1,Unconditionally,70,0.043,128.861,4,0.358
7,0.00223,Katy Perry,0.6990000000000001,179640,0.76,0.0,5,0.132,-3.173,1,I Kissed A Girl,65,0.0677,129.996,4,0.696
8,0.000354,Katy Perry,0.667,216160,0.922,0.0,5,0.0867,-4.645,1,Part Of Me,52,0.0353,130.01,4,0.7609999999999999
9,0.0038,Katy Perry,0.7879999999999999,234653,0.753,0.0,0,0.18,-3.71,1,California Gurls,58,0.0536,125.005,4,0.40299999999999997
0,0.188,Jess Glynne,0.654,211760,0.7979999999999999,0.0,0,0.15,-4.084,1,"These Days (feat. Jess Glynne, Macklemore & Dan Caplen)",48,0.0451,92.20700000000001,4,0.574
1,0.0288,Jess Glynne,0.627,194387,0.858,0.0,7,0.19899999999999998,-3.116,1,I'll Be There,67,0.0394,100.074,4,0.39899999999999997
2,0.0265,Jess Glynne,0.755,219040,0.682,0.0,0,0.18899999999999997,-4.7989999999999995,1,All I Am,68,0.0339,122.04899999999999,4,0.498
3,0.428,Jess Glynne,0.82,214027,0.5820000000000001,0.0,2,0.0419,-4.441,1,Thursday,73,0.0454,112.064,4,0.309
4,0.0866,Jess Glynne,0.7070000000000001,190280,0.6759999999999999,0.0,1,0.125,-5.577999999999999,1,123,55,0.17600000000000002,95.027,4,0.93
5,0.292,Jess Glynne,0.5579999999999999,265382,0.451,0.0,9,0.10099999999999999,-6.162999999999999,1,Take Me Home,57,0.0388,150.00799999999998,4,0.23800000000000002
6,0.0505,Jess Glynne,0.604,212693,0.621,0.0,0,0.159,-6.361000000000001,1,"These Days (feat. Jess Glynne, Macklemore & Dan Caplen) - Acoustic",66,0.0262,91.985,4,0.207
7,0.836,Jess Glynne,0.544,195906,0.48,0.0,7,0.267,-3.5060000000000002,1,I'll Be There - Acoustic,65,0.0273,100.15100000000001,4,0.375
8,0.00159,Jess Glynne,0.642,227344,0.823,0.0,0,0.0776,-5.7170000000000005,1,Hold My Hand,53,0.0289,122.977,4,0.431
9,0.316,Jess Glynne,0.7709999999999999,216297,0.575,0.0,2,0.0849,-4.128,1,Thursday (feat. H.E.R.),63,0.0513,111.93,4,0.419
0,0.28800000000000003,Rita Ora,0.531,190000,0.8540000000000001,0.0,10,0.0773,-3.1489999999999996,1,Let You Love Me,77,0.198,94.419,4,0.456
1,0.0342,Rita Ora,0.649,215827,0.743,0.0,11,0.0855,-6.042000000000001,0,Anywhere,65,0.0679,106.915,4,0.344
2,0.0599,Rita Ora,0.654,180760,0.528,7.140000000000001e-05,6,0.0975,-6.224,0,Only Want You,77,0.0412,82.014,4,0.376
3,0.133,Rita Ora,0.853,180160,0.5710000000000001,0.0,1,0.0564,-5.845,1,Your Song,62,0.0543,117.991,4,0.958
4,0.0164,Rita Ora,0.728,221153,0.69,0.0,8,0.10400000000000001,-4.343999999999999,0,"Girls (feat. Cardi B, Bebe Rexha & Charli XCX)",61,0.0524,94.02799999999999,4,0.415
5,0.0159,Rita Ora,0.536,244600,0.7909999999999999,0.0,2,0.235,-4.655,0,For You (Fifty Shades Freed),72,0.0343,113.068,4,0.187
6,0.40299999999999997,Rita Ora,0.753,203467,0.8009999999999999,0.0,4,0.128,-3.215,1,I Will Never Let You Down,65,0.0296,128.011,4,0.794
7,0.175,Rita Ora,0.56,258140,0.723,0.00315,1,0.149,-6.263,1,Summer Love,39,0.0459,159.915,4,0.282
8,0.47200000000000003,Rita Ora,0.54,235387,0.557,0.0,4,0.308,-4.8580000000000005,1,Velvet Rope,56,0.0515,88.954,4,0.426
9,0.0132,Rita Ora,0.636,225218,0.741,0.0,11,0.287,-5.436,0,Body on Me,63,0.040999999999999995,88.999,4,0.53
0,0.616,Becky G,0.8,228493,0.355,0.0,6,0.11800000000000001,-10.47,0,Bubalu,88,0.0895,145.929,4,0.253
1,0.307,Becky G,0.772,254383,0.732,5.14e-06,9,0.106,-3.713,0,Cuando Te Besé,87,0.213,100.04799999999999,4,0.295
2,0.354,Becky G,0.7909999999999999,188560,0.745,2.9299999999999997e-05,11,0.10400000000000001,-3.695,0,Sin Pijama,84,0.0464,94.014,4,0.82
3,0.0167,Becky G,0.825,173366,0.7709999999999999,2.04e-06,1,0.0901,-4.1160000000000005,1,Booty,82,0.0804,102.927,4,0.718
4,0.1,Becky G,0.6970000000000001,207143,0.772,0.0,8,0.418,-5.0280000000000005,0,Mala Mía - Remix,80,0.309,180.046,4,0.858
5,0.141,Becky G,0.743,202453,0.855,0.0045,5,0.099,-3.9760000000000004,0,Mayores,77,0.0436,96.98899999999999,4,0.871
6,0.0317,Becky G,0.6990000000000001,206167,0.529,3.59e-05,2,0.285,-7.547999999999999,1,Shower,73,0.0487,119.98700000000001,4,0.121
7,0.32,Becky G,0.8740000000000001,203504,0.584,2.05e-05,5,0.134,-4.898,0,LBD,71,0.0353,122.007,4,0.601
8,0.0018399999999999998,Becky G,0.5589999999999999,188920,0.754,0.000462,6,0.0366,-5.343999999999999,0,Lost in the Middle of Nowhere (feat. Becky G),71,0.0481,85.993,4,0.43799999999999994
9,0.102,Becky G,0.84,211438,0.789,0.0,1,0.309,-4.695,0,Díganle - Tainy Remix,68,0.0949,92.01799999999999,4,0.619
0,0.36700000000000005,Kehlani,0.61,201788,0.725,0.0,8,0.154,-5.131,1,Nights Like This (feat. Ty Dolla $ign),88,0.15,146.16299999999998,4,0.29100000000000004
1,0.33899999999999997,Kehlani,0.6890000000000001,191680,0.584,0.0,1,0.297,-5.768,0,Playinwitme (feat. Kehlani),79,0.11900000000000001,156.572,4,0.6759999999999999
2,0.049,Kehlani,0.767,177140,0.5429999999999999,0.0,1,0.115,-7.881,0,Ring (feat. Kehlani),77,0.10300000000000001,106.029,4,0.485
3,0.193,Kehlani,0.856,180493,0.632,0.0,6,0.0688,-3.6919999999999997,0,Done for Me (feat. Kehlani),74,0.07400000000000001,112.009,4,0.6970000000000001
4,0.772,Kehlani,0.606,199210,0.24,0.0,3,0.0819,-7.102,1,Honey,73,0.0369,96.792,4,0.526
5,0.111,Kehlani,0.439,177029,0.447,0.0,10,0.303,-8.318,0,Gangsta,69,0.0436,121.48,4,0.11
6,0.389,Kehlani,0.746,262521,0.5379999999999999,0.0,10,0.139,-6.479,1,The Way (feat. Chance the Rapper),67,0.32,101.01799999999999,4,0.516
7,0.00464,Kehlani,0.565,225526,0.7709999999999999,0.0,1,0.0568,-5.22,1,Good Life (with G-Eazy & Kehlani),63,0.213,168.385,4,0.573
8,0.264,Kehlani,0.74,209122,0.45299999999999996,7.13e-05,5,0.129,-7.58,0,Keep On,66,0.151,98.057,4,0.514
9,0.226,Kehlani,0.8270000000000001,191720,0.7020000000000001,5.04e-05,6,0.158,-7.263999999999999,1,CRZY,65,0.267,130.02,4,0.6940000000000001
0,0.602,Karol G,0.807,258800,0.8029999999999999,0.00853,11,0.136,-4.156000000000001,1,Secreto,92,0.126,91.98700000000001,4,0.706
1,0.154,Karol G,0.715,212493,0.872,0.000146,6,0.11,-3.5010000000000003,1,Créeme,86,0.0547,96.939,4,0.682
2,0.27899999999999997,Karol G,0.728,226627,0.8009999999999999,4.71e-06,8,0.14300000000000002,-2.9419999999999997,0,Culpables,85,0.0683,130.059,4,0.41600000000000004
3,0.299,Karol G,0.815,196320,0.784,0.0,9,0.0958,-4.423,1,Mi Cama - Remix,76,0.0738,162.958,4,0.8320000000000001
4,0.222,Karol G,0.826,151400,0.815,6.96e-05,9,0.0964,-4.773,1,Mi Cama,72,0.0875,163.07299999999998,4,0.68
5,0.0189,Karol G,0.735,255600,0.652,0.0,5,0.15,-4.426,0,Mi Mala - Remix,71,0.23600000000000002,171.98,4,0.7759999999999999
6,0.0431,Karol G,0.7859999999999999,178347,0.667,3.52e-06,4,0.39299999999999996,-4.835,0,Pineapple,71,0.066,94.94,4,0.679
7,0.242,Karol G,0.735,198907,0.759,1.9600000000000002e-05,2,0.15,-5.354,1,A Ella,69,0.193,181.90200000000002,4,0.598
8,0.00949,Karol G,0.6459999999999999,235227,0.573,3.98e-05,7,0.0932,-5.716,0,Ahora Me Llama,66,0.040999999999999995,134.97899999999998,4,0.109
9,0.096,Karol G,0.8740000000000001,185667,0.804,4.33e-06,1,0.45299999999999996,-2.063,0,Calypso - Remix,55,0.14,110.04299999999999,4,0.779
0,0.171,Zedd,0.753,184732,0.657,0.0,7,0.11199999999999999,-3.0610000000000004,1,The Middle,86,0.0449,107.01,4,0.43700000000000006
1,0.579,Zedd,0.503,207030,0.741,1.49e-06,4,0.0712,-5.127999999999999,1,Happy Now,83,0.047,88.335,3,0.45799999999999996
2,0.0882,Zedd,0.6940000000000001,201253,0.852,0.0,7,0.33399999999999996,-5.34,0,Lost In Japan - Remix,82,0.257,107.178,4,0.377
3,0.253,Zedd,0.69,210091,0.622,0.0,5,0.11599999999999999,-5.025,0,Stay (with Alessia Cara),80,0.0622,102.04,4,0.544
4,0.0398,Zedd,0.509,271427,0.7809999999999999,0.0,8,0.0749,-3.48,1,Clarity,71,0.07200000000000001,128.0,4,0.17600000000000002
5,0.0079,Zedd,0.628,218293,0.833,1.4800000000000002e-05,11,0.07400000000000001,-4.126,0,Beautiful Now,69,0.0282,128.003,4,0.56
6,0.027000000000000003,Zedd,0.718,204583,0.9259999999999999,1.76e-05,1,0.0513,-3.511,1,Get Low (with Liam Payne),67,0.0494,108.01799999999999,4,0.54
7,0.005370000000000001,Zedd,0.58,240000,0.846,6.62e-06,9,0.145,-2.8760000000000003,0,I Want You To Know,66,0.0573,129.998,4,0.366
8,0.882,Zedd,0.555,152000,0.33399999999999996,0.0,4,0.127,-6.763,1,Happy Now - Acoustic,62,0.0701,80.683,4,0.5479999999999999
9,0.0137,Zedd,0.609,243413,0.8009999999999999,0.00349,0,0.127,-4.417,0,Spectrum,62,0.034,129.99,4,0.40700000000000003
0,0.106,Lorde,0.616,190185,0.43200000000000005,0.0,7,0.132,-9.546,1,Royals,75,0.133,84.77799999999999,4,0.302
1,0.0209,Lorde,0.594,234653,0.721,8.55e-06,2,0.0879,-7.812,1,Green Light,72,0.0957,128.942,4,0.253
2,0.151,Lorde,0.696,193059,0.59,0.0,6,0.247,-7.428,1,Team,70,0.0904,99.984,4,0.462
3,0.92,Lorde,0.5870000000000001,171728,0.22899999999999998,0.0,10,0.1,-11.254000000000001,0,Liability,70,0.128,75.67,4,0.379
4,0.22899999999999998,Lorde,0.7809999999999999,214255,0.5479999999999999,0.0,0,0.127,-4.997,0,Homemade Dynamite - REMIX,69,0.0764,106.99600000000001,4,0.175
5,0.0024100000000000002,Lorde,0.622,221874,0.58,2.95e-05,1,0.11199999999999999,-5.273,0,Perfect Places,66,0.0504,104.41,4,0.512
6,0.0175,Lorde,0.764,198907,0.547,0.000161,0,0.23,-8.6,1,Tennis Court,66,0.0576,89.993,4,0.402
7,0.526,Lorde,0.49,258969,0.47,0.5329999999999999,4,0.10800000000000001,-9.35,1,Ribs,64,0.0753,127.78299999999999,4,0.0483
8,0.618,Lorde,0.7290000000000001,246755,0.62,0.37,1,0.11599999999999999,-10.546,1,Buzzcut Season,64,0.0783,111.015,4,0.257
9,0.21899999999999997,Lorde,0.562,277506,0.43700000000000006,2.18e-05,0,0.0806,-10.229,1,Supercut,63,0.052000000000000005,124.852,4,0.15
0,0.00987,Miley Cyrus,0.601,217467,0.794,1.36e-06,7,0.38799999999999996,-5.843999999999999,0,Nothing Breaks Like a Heart (feat. Miley Cyrus),91,0.0671,114.066,4,0.244
1,0.00882,Miley Cyrus,0.613,231240,0.622,0.0,1,0.37,-5.794,0,We Can't Stop,77,0.0334,80.003,4,0.484
2,0.00124,Miley Cyrus,0.45399999999999996,202067,0.708,0.000181,10,0.0679,-4.526,0,Party In The U.S.A.,74,0.0675,192.18,4,0.483
3,0.0767,Miley Cyrus,0.573,231907,0.7809999999999999,2.64e-05,8,0.0813,-6.406000000000001,1,Malibu,76,0.0555,139.934,4,0.34299999999999997
4,0.40700000000000003,Miley Cyrus,0.53,221360,0.42200000000000004,0.0,5,0.107,-6.2620000000000005,1,Wrecking Ball,73,0.0342,119.964,4,0.349
5,0.0834,Miley Cyrus,0.327,236067,0.588,0.0,4,0.10400000000000001,-6.611000000000001,1,The Climb,67,0.0336,161.07399999999998,4,0.32899999999999996
6,0.111,Miley Cyrus,0.583,278747,0.655,3.57e-06,0,0.113,-5.407,1,Adore You,70,0.0315,119.759,4,0.201
7,0.135,Miley Cyrus,0.465,248587,0.569,0.0,6,0.109,-4.934,1,When I Look At You,61,0.0276,137.87,3,0.198
8,0.0619,Miley Cyrus,0.5920000000000001,212463,0.8,0.0,7,0.138,-4.62,0,Nothing Breaks Like a Heart - Dimitri from Paris Remix,65,0.0614,114.009,4,0.33299999999999996
9,0.179,Miley Cyrus,0.7120000000000001,216774,0.871,1.94e-06,7,0.203,-3.571,0,Nothing Breaks Like a Heart - Don Diablo Remix,64,0.225,123.97399999999999,4,0.379
0,0.253,Alessia Cara,0.69,210091,0.622,0.0,5,0.11599999999999999,-5.025,0,Stay (with Alessia Cara),80,0.0622,102.04,4,0.544
1,0.0285,Alessia Cara,0.573,230227,0.7390000000000001,0.0,0,0.111,-5.74,1,Scars To Your Beautiful,73,0.129,97.085,4,0.451
2,0.8029999999999999,Alessia Cara,0.44799999999999995,146173,0.21,0.0,4,0.151,-11.614,1,A Little More,57,0.0368,96.337,3,0.22899999999999998
3,0.124,Alessia Cara,0.317,175507,0.562,0.000144,9,0.0667,-9.609,1,How Far I'll Go - Alessia Cara Version,70,0.395,181.1,4,0.132
4,0.00421,Alessia Cara,0.613,199747,0.6679999999999999,2.04e-06,0,0.324,-6.1339999999999995,1,Trust My Lonely,64,0.162,150.173,4,0.622
5,0.8,Alessia Cara,0.49200000000000005,227693,0.267,0.0,7,0.249,-9.25,1,Out Of Love,68,0.0336,117.679,3,0.13699999999999998
6,0.9279999999999999,Alessia Cara,0.38799999999999996,254507,0.37200000000000005,0.0,6,0.146,-5.72,1,River Of Tears,65,0.0468,89.70100000000001,4,0.285
7,0.0785,Alessia Cara,0.376,199453,0.821,0.0,0,0.0823,-3.9739999999999998,1,Here,65,0.10400000000000001,120.462,4,0.331
8,0.0972,Alessia Cara,0.547,156547,0.462,5.29e-06,1,0.0933,-6.04,1,Not Today,61,0.308,111.524,4,0.16
9,0.0833,Alessia Cara,0.353,193627,0.753,0.0,1,0.38299999999999995,-6.276,0,Growing Pains,60,0.74,191.142,4,0.43200000000000005
0,0.0249,Britney Spears,0.774,198800,0.838,0.025,5,0.242,-3.9139999999999997,0,Toxic,77,0.114,143.04,4,0.924
1,0.20199999999999999,Britney Spears,0.759,211067,0.6990000000000001,0.000131,0,0.44299999999999995,-5.745,0,...Baby One More Time,75,0.0307,92.96,4,0.907
2,0.3,Britney Spears,0.7509999999999999,211160,0.8340000000000001,1.77e-05,1,0.355,-5.444,0,Oops!...I Did It Again,75,0.0437,95.053,4,0.894
3,0.073,Britney Spears,0.7240000000000001,224400,0.695,0.0,11,0.0889,-5.226,1,Womanizer,73,0.0622,139.0,4,0.235
4,0.155,Britney Spears,0.629,247960,0.8240000000000001,0.000628,9,0.0651,-6.53,1,Work B**ch,68,0.159,128.01,4,0.852
5,0.25,Britney Spears,0.7879999999999999,251240,0.8440000000000001,0.000678,2,0.0723,-3.1310000000000002,1,Gimme More,68,0.0334,113.324,4,0.382
6,0.147,Britney Spears,0.7909999999999999,192360,0.733,0.000381,6,0.0713,-5.215,0,Circus,67,0.052000000000000005,114.98,4,0.7609999999999999
7,0.42,Britney Spears,0.745,245067,0.742,0.0,10,0.102,-5.693,1,Sometimes,66,0.0259,95.99600000000001,4,0.8059999999999999
8,0.415,Britney Spears,0.847,203600,0.843,0.000134,5,0.107,-3.5789999999999997,0,I'm a Slave 4 U,64,0.106,110.027,4,0.963
9,0.16899999999999998,Britney Spears,0.6679999999999999,255400,0.843,0.0,0,0.195,-3.766,1,My Only Wish (This Year),57,0.0268,147.083,4,0.7020000000000001
0,0.0716,Zendaya,0.684,217440,0.619,0.0,10,0.122,-7.005,1,Rewrite The Stars,73,0.0386,125.046,4,0.284
1,0.000239,Zendaya,0.41700000000000004,302147,0.8240000000000001,0.0545,11,0.0725,-7.36,0,The Greatest Show,63,0.105,157.92,4,0.4
2,0.00558,Zendaya,0.7020000000000001,225933,0.77,0.000802,7,0.21100000000000002,-9.411,1,Come Alive,77,0.128,118.03399999999999,4,0.235
3,0.0416,Zendaya,0.688,209187,0.723,0.0002,6,0.302,-6.682,0,Replay,67,0.121,140.023,4,0.618
4,0.0995,Zendaya,0.6859999999999999,212907,0.7659999999999999,0.0,4,0.0731,-4.829,0,Something New,55,0.0417,101.984,4,0.35200000000000004
5,0.149,Zendaya,0.496,190507,0.65,0.000281,5,0.0667,-7.754,1,Wonderful Life (From Smallfoot: Original Motion Picture Soundtrack),44,0.0398,102.955,4,0.301
6,0.14300000000000002,Zendaya,0.495,224760,0.456,0.0,2,0.379,-9.087,1,Neverland,51,0.0337,123.93799999999999,4,0.22399999999999998
7,0.231,Zendaya,0.606,227640,0.855,0.0,8,0.155,-5.692,1,Butterflies,49,0.0804,77.006,4,0.496
8,0.0454,Zendaya,0.703,132173,0.722,4.33e-06,5,0.134,-8.887,1,Wonderful Questions,47,0.0827,110.071,4,0.584
9,0.375,Zendaya,0.67,156693,0.7829999999999999,0.0,0,0.16699999999999998,-4.3389999999999995,1,"Keep It Undercover - Theme Song From ""K.C. Undercover""",47,0.12,109.986,4,0.757
0,0.00583,Keala Settle,0.284,234707,0.7040000000000001,0.00011499999999999999,2,0.0424,-7.276,1,This Is Me,69,0.18600000000000003,191.702,4,0.1
1,0.000239,Keala Settle,0.41700000000000004,302147,0.8240000000000001,0.0545,11,0.0725,-7.36,0,The Greatest Show,63,0.105,157.92,4,0.4
2,0.00558,Keala Settle,0.7020000000000001,225933,0.77,0.000802,7,0.21100000000000002,-9.411,1,Come Alive,77,0.128,118.03399999999999,4,0.235
3,0.0994,Keala Settle,0.44,265733,0.514,0.0,11,0.0768,-6.874,0,"This Is Me (The Reimagined Remix) [with Keala Settle, Kesha & Missy Elliott]",53,0.266,93.16799999999999,4,0.21899999999999997
4,0.508,Keala Settle,0.7340000000000001,223080,0.46399999999999997,0.0,10,0.0769,-6.452000000000001,1,When He Sees Me,57,0.0449,121.925,4,0.424
5,0.129,Keala Settle,0.42200000000000004,215759,0.8240000000000001,0.0,2,0.304,-3.447,1,"This Is Me - Alan Walker Relift (From ""The Greatest Showman"")",56,0.0756,95.331,4,0.294
6,0.177,Keala Settle,0.585,154373,0.723,0.0,2,0.115,-5.237,1,Opening Up,54,0.0592,160.836,4,0.773
7,0.304,Keala Settle,0.58,147680,0.601,0.0,1,0.294,-7.249,1,The Negative,53,0.19899999999999998,144.107,4,0.633
8,0.895,Keala Settle,0.49,177133,0.231,5.84e-06,4,0.10800000000000001,-10.692,1,A Soft Place to Land,50,0.0293,127.21700000000001,3,0.147
9,0.353,Keala Settle,0.624,159680,0.7859999999999999,6.12e-05,6,0.187,-3.9360000000000004,1,I Didn't Plan It,50,0.174,119.78200000000001,4,0.609
0,0.0969,Ellie Goulding,0.574,182623,0.758,0.0,1,0.395,-5.029,0,Close To Me (with Diplo) (feat. Swae Lee),91,0.0621,144.111,4,0.49200000000000005
1,0.225,Ellie Goulding,0.737,189973,0.7140000000000001,3.79e-06,1,0.267,-6.138,0,Mama (feat. Ellie Goulding),76,0.0367,102.046,4,0.608
2,0.247,Ellie Goulding,0.262,252534,0.606,0.0,8,0.125,-6.646,1,"Love Me Like You Do - From ""Fifty Shades Of Grey""",66,0.0484,189.857,4,0.275
3,0.19699999999999998,Ellie Goulding,0.633,193511,0.5920000000000001,0.0,0,0.099,-7.245,0,First Time,73,0.11199999999999999,90.066,4,0.679
4,0.295,Ellie Goulding,0.512,154435,0.304,0.0006219999999999999,0,0.11800000000000001,-9.19,1,How Long Will I Love You - Bonus Track,63,0.0318,126.07799999999999,5,0.172
5,0.31,Ellie Goulding,0.5589999999999999,231212,0.777,0.0,1,0.105,-5.031000000000001,1,Burn,65,0.0432,87.016,4,0.32899999999999996
6,0.583,Ellie Goulding,0.43,240867,0.53,0.0,1,0.102,-7.941,1,"Still Falling For You - From ""Bridget Jones's Baby""",66,0.0447,96.14,4,0.159
7,0.258,Ellie Goulding,0.7020000000000001,213445,0.705,5.93e-06,0,0.0879,-6.666,1,On My Mind,61,0.0543,154.911,4,0.743
8,0.925,Ellie Goulding,0.505,223560,0.217,5.69e-06,11,0.168,-10.517000000000001,1,Vincent,64,0.0391,101.899,4,0.39799999999999996
9,0.9359999999999999,Ellie Goulding,0.48,191813,0.195,0.000762,10,0.18,-11.952,1,Your Song,55,0.0313,133.563,4,0.41100000000000003
0,0.11900000000000001,Jennifer Lopez,0.877,222787,0.619,0.0,9,0.08800000000000001,-6.692,0,Te Guste,75,0.233,138.109,4,0.222
1,0.0848,Jennifer Lopez,0.758,230907,0.6859999999999999,0.0012699999999999999,11,0.142,-6.346,1,On The Floor - Radio Edit,71,0.0792,130.007,4,0.444
2,0.0472,Jennifer Lopez,0.757,218235,0.6779999999999999,9.14e-06,8,0.0654,-5.529,0,Ain't Your Mama,70,0.233,120.075,4,0.82
3,0.0248,Jennifer Lopez,0.87,176816,0.691,0.0,2,0.0861,-4.11,0,El Anillo,70,0.18,130.056,4,0.469
4,0.41,Jennifer Lopez,0.721,213750,0.8809999999999999,7.61e-06,8,0.292,-2.528,1,Dinero,68,0.342,127.759,4,0.643
5,0.135,Jennifer Lopez,0.82,239400,0.937,0.000128,5,0.35,-4.81,0,Let's Get Loud,67,0.0551,130.993,4,0.9059999999999999
6,0.6409999999999999,Jennifer Lopez,0.276,237467,0.5720000000000001,0.0,1,0.2,-7.818,1,El Ultimo Adiós - Varios Artistas Version,66,0.0377,77.986,4,0.285
7,0.008329999999999999,Jennifer Lopez,0.8440000000000001,187840,0.754,3.42e-06,6,0.0575,-5.46,1,Jenny from the Block - Track Masters Remix,65,0.207,100.00200000000001,4,0.961
8,0.12300000000000001,Jennifer Lopez,0.6729999999999999,215880,0.907,0.0,1,0.423,-3.716,0,Ni Tú Ni Yo (feat. Gente de Zona),62,0.07400000000000001,109.04,4,0.768
9,0.0645,Jennifer Lopez,0.68,266000,0.625,5.8099999999999996e-05,11,0.109,-7.0,0,If You Had My Love,62,0.0353,94.02,4,0.8140000000000001
0,0.36200000000000004,Marília Mendonça,0.603,159780,0.804,0.0,0,0.743,-4.253,1,Bebi Liguei - Ao Vivo,82,0.198,153.88299999999998,4,0.682
1,0.204,Marília Mendonça,0.741,190084,0.813,0.0,11,0.797,-4.83,0,Ciumeira - Ao Vivo,80,0.0452,123.84200000000001,4,0.765
2,0.11199999999999999,Marília Mendonça,0.5589999999999999,162751,0.8440000000000001,0.0,0,0.935,-3.685,1,Sem Sal - Ao Vivo,78,0.124,139.385,4,0.823
3,0.0164,Marília Mendonça,0.6709999999999999,168172,0.652,0.0,0,0.929,-4.689,1,Bem Pior Que Eu - Ao Vivo,74,0.0403,113.867,4,0.40399999999999997
4,0.0651,Marília Mendonça,0.688,154258,0.91,0.0,11,0.674,-2.2569999999999997,0,Passa Mal - Ao Vivo,72,0.0742,147.767,4,0.877
5,0.627,Marília Mendonça,0.838,176722,0.602,0.0,7,0.139,-5.973,1,A Culpa É Dele - Ao Vivo | Acústico,72,0.182,125.927,4,0.7290000000000001
6,0.12,Marília Mendonça,0.738,166199,0.7979999999999999,0.0,0,0.92,-4.489,1,Bye Bye - Ao Vivo,72,0.0572,115.916,4,0.439
7,0.154,Marília Mendonça,0.757,187444,0.684,0.0,4,0.835,-5.206,0,Casa da Mãe Joana - Ao Vivo,71,0.037000000000000005,120.116,4,0.626
8,0.65,Marília Mendonça,0.8240000000000001,149995,0.486,0.0,5,0.135,-5.579,0,Ausência - Ao Vivo | Acústico,70,0.0458,97.94,4,0.82
9,0.493,Marília Mendonça,0.7390000000000001,157931,0.504,0.0,2,0.0956,-5.925,1,Estranho - Ao Vivo | Acústico,68,0.0576,155.876,4,0.391
0,0.857,Christina Aguilera,0.40700000000000003,229400,0.147,2.89e-06,2,0.0913,-8.822000000000001,1,Say Something,77,0.0355,141.284,3,0.0765
1,0.21,Christina Aguilera,0.627,217573,0.8,0.000123,1,0.13699999999999998,-6.945,1,Genie in a Bottle,70,0.162,175.815,4,0.912
2,0.578,Christina Aguilera,0.457,238560,0.573,3.05e-06,5,0.114,-3.866,0,Beautiful,70,0.0275,76.193,4,0.0992
3,0.0174,Christina Aguilera,0.7509999999999999,264847,0.7659999999999999,8.07e-06,5,0.6579999999999999,-3.594,1,"Lady Marmalade - From ""Moulin Rouge"" Soundtrack",62,0.0515,109.897,4,0.6729999999999999
4,0.107,Christina Aguilera,0.64,298853,0.889,0.0,2,0.33899999999999997,-3.073,1,Dirrty (feat. Redman),68,0.322,99.931,4,0.436
5,0.6409999999999999,Christina Aguilera,0.276,237467,0.5720000000000001,0.0,1,0.2,-7.818,1,El Ultimo Adiós - Varios Artistas Version,66,0.0377,77.986,4,0.285
6,0.235,Christina Aguilera,0.435,245960,0.92,0.00035299999999999996,4,0.552,-1.357,0,Fighter,65,0.201,188.899,4,0.45
7,0.209,Christina Aguilera,0.39,248544,0.631,0.0,9,0.27699999999999997,-4.7010000000000005,0,Fall In Line,57,0.0769,123.042,3,0.19699999999999998
8,0.871,Christina Aguilera,0.244,243133,0.27399999999999997,1.18e-05,8,0.0897,-10.433,1,Have Yourself a Merry Little Christmas,64,0.04,68.53399999999999,4,0.16399999999999998
9,0.0687,Christina Aguilera,0.575,241507,0.7440000000000001,0.0,1,0.0723,-5.466,1,This Christmas,64,0.0603,183.79,4,0.701
0,0.0328,Meghan Trainor,0.7340000000000001,218480,0.9209999999999999,0.0,6,0.19699999999999998,-1.936,0,Just Got Paid,65,0.0863,120.056,4,0.654
1,0.4,Meghan Trainor,0.63,225053,0.53,0.0,0,0.177,-7.2589999999999995,1,Like I'm Gonna Lose You,77,0.0434,108.038,3,0.41700000000000004
2,0.0918,Meghan Trainor,0.564,189363,0.89,0.0,5,0.0819,-4.2860000000000005,1,Hey DJ - Remix,73,0.107,180.112,4,0.636
3,0.0224,Meghan Trainor,0.8270000000000001,152862,0.6579999999999999,0.0,6,0.0417,-3.846,1,NO EXCUSES,72,0.0517,115.016,4,0.523
4,0.0962,Meghan Trainor,0.934,181240,0.6940000000000001,1.2e-06,11,0.478,-5.849,0,Me Too,70,0.10099999999999999,123.829,4,0.835
5,0.375,Meghan Trainor,0.655,184227,0.782,0.0,1,0.317,-4.789,1,Dear Future Husband,68,0.185,79.42699999999999,4,0.8320000000000001
6,0.0125,Meghan Trainor,0.557,213507,0.8009999999999999,1.66e-06,1,0.737,-3.602,0,NO,68,0.218,92.135,4,0.654
7,0.53,Meghan Trainor,0.7559999999999999,176267,0.789,0.000711,2,0.157,-7.002000000000001,1,Better When I'm Dancin',67,0.0324,127.98700000000001,4,0.873
8,0.0573,Meghan Trainor,0.807,187920,0.887,2.87e-06,9,0.124,-3.7260000000000004,1,All About That Bass,65,0.0503,134.05200000000002,4,0.961
9,0.318,Meghan Trainor,0.462,219653,0.37,4.84e-06,2,0.10800000000000001,-7.779,1,I'll Be Home,57,0.0267,84.738,4,0.285
0,0.603,Alicia Keys,0.609,228707,0.445,6.77e-06,7,0.10400000000000001,-9.129,1,If I Ain't Got You,78,0.106,118.39299999999999,3,0.166
1,0.0209,Alicia Keys,0.644,253813,0.5479999999999999,8.68e-06,1,0.134,-5.416,0,No One,76,0.0286,90.042,4,0.166
2,0.257,Alicia Keys,0.662,223440,0.507,0.0,5,0.0465,-8.238,1,My Boo,75,0.11800000000000001,86.412,4,0.6759999999999999
3,0.135,Alicia Keys,0.48200000000000004,224920,0.706,0.00106,9,0.105,-5.7620000000000005,1,Girl On Fire,73,0.0609,92.494,4,0.14400000000000002
4,0.7390000000000001,Alicia Keys,0.479,216480,0.368,4.1e-05,6,0.11800000000000001,-7.784,1,Empire State of Mind (Part II) Broken Down,70,0.0341,92.959,4,0.142
5,0.263,Alicia Keys,0.653,210200,0.609,0.00101,11,0.233,-7.519,0,Fallin',69,0.037000000000000005,95.98200000000001,3,0.48200000000000004
6,0.7120000000000001,Alicia Keys,0.379,259570,0.325,0.0,4,0.0997,-5.862,1,No One - Acoustic,68,0.0331,89.79799999999999,4,0.433
7,0.732,Alicia Keys,0.595,249240,0.507,1.9699999999999998e-05,7,0.106,-7.892,1,Un-thinkable (I'm Ready),61,0.0618,86.09899999999999,4,0.337
8,0.24100000000000002,Alicia Keys,0.531,187227,0.52,0.0,0,0.0922,-4.5,1,Us,61,0.048,70.031,4,0.317
9,0.158,Alicia Keys,0.496,249013,0.82,0.24600000000000002,5,0.13,-5.155,1,Try Sleeping with a Broken Heart,60,0.11199999999999999,110.977,5,0.5489999999999999
0,0.45,Normani,0.741,171030,0.52,1.97e-06,8,0.222,-7.513,1,Dancing With A Stranger (with Normani),94,0.0656,102.99799999999999,4,0.34700000000000003
1,0.0956,Normani,0.708,201707,0.648,0.0,6,0.134,-5.626,1,Love Lies (with Normani),84,0.0449,143.955,4,0.33799999999999997
2,0.415,Normani,0.578,215671,0.588,0.0,0,0.114,-4.92,0,Waves (feat. 6LACK),73,0.255,79.17399999999999,5,0.3
3,0.0944,Normani,0.89,169814,0.624,5.16e-06,1,0.0903,-3.966,1,Checklist (with Calvin Harris) (feat. WizKid),63,0.10300000000000001,116.046,4,0.762
4,0.0855,Normani,0.853,205986,0.693,7.159999999999999e-05,0,0.11,-4.337,1,Slow Down (with Calvin Harris),61,0.0524,124.04899999999999,4,0.547
5,0.109,Normani,0.716,253695,0.6679999999999999,0.0,6,0.126,-5.331,1,Love Lies - Rick Ross Remix,51,0.0686,143.951,4,0.359
6,0.0229,Normani,0.38799999999999996,202935,0.8370000000000001,1.53e-06,6,0.149,-3.022,1,Love Lies - Snakehips Remix,60,0.107,143.27100000000002,4,0.37799999999999995
0,0.16399999999999998,Mariah Carey,0.335,241107,0.625,0.0,7,0.0708,-7.462000000000001,1,All I Want for Christmas Is You,81,0.0386,150.27700000000002,4,0.34600000000000003
1,0.0358,Mariah Carey,0.838,201400,0.469,0.0,0,0.0928,-7.992000000000001,1,We Belong Together,70,0.0835,139.975,4,0.778
2,0.022000000000000002,Mariah Carey,0.5660000000000001,153240,0.782,0.0,3,0.109,-7.444,1,Christmas (Baby Please Come Home),69,0.0311,127.16,4,0.6970000000000001
3,0.457,Mariah Carey,0.649,258133,0.531,0.0,4,0.249,-8.335,1,Always Be My Baby,69,0.0363,78.946,4,0.488
4,0.735,Mariah Carey,0.501,257733,0.37799999999999995,0.0,4,0.11900000000000001,-9.37,1,Hero,69,0.028999999999999998,119.98700000000001,4,0.17800000000000002
5,0.32299999999999995,Mariah Carey,0.5760000000000001,213667,0.526,2.01e-06,6,0.0548,-8.524,1,Without You,66,0.0325,122.06,4,0.147
6,0.353,Mariah Carey,0.569,281067,0.495,0.0,1,0.0839,-8.964,1,One Sweet Day,66,0.03,128.22799999999998,4,0.302
7,0.139,Mariah Carey,0.6709999999999999,243493,0.727,0.0,7,0.12300000000000001,-7.585,1,Fantasy,65,0.035,102.35799999999999,4,0.8009999999999999
8,0.364,Mariah Carey,0.71,195867,0.5720000000000001,0.0,10,0.129,-7.187,0,Caution,65,0.0616,140.05200000000002,4,0.642
9,0.0142,Mariah Carey,0.648,324307,0.759,0.0,6,0.648,-4.315,1,I Know What You Want,65,0.306,85.99600000000001,4,0.518
0,0.423,Zara Larsson,0.665,190932,0.6990000000000001,0.0,11,0.0969,-5.265,1,Ruin My Life,88,0.0578,124.896,4,0.585
1,0.133,Zara Larsson,0.6940000000000001,201122,0.7120000000000001,0.0,7,0.21100000000000002,-3.923,0,Lush Life,78,0.046,98.022,4,0.799
2,0.00312,Zara Larsson,0.583,213428,0.732,9.86e-06,11,0.26899999999999996,-5.728,0,Never Forget You,78,0.0457,145.99200000000002,4,0.276
3,0.784,Zara Larsson,0.485,180640,0.332,0.000122,4,0.146,-9.244,1,I Can't Fall in Love Without You,76,0.0338,130.813,4,0.273
4,0.00778,Zara Larsson,0.5760000000000001,224031,0.782,0.0,6,0.285,-4.825,0,Ain't My Fault,72,0.0296,141.153,4,0.355
5,0.4,Zara Larsson,0.556,213543,0.529,0.0,2,0.268,-4.4639999999999995,1,Uncover,65,0.025,89.887,4,0.308
6,0.8340000000000001,Zara Larsson,0.65,190080,0.462,0.0,11,0.13,-7.204,1,Ruin My Life - Piano Version,64,0.0344,124.94,4,0.46299999999999997
7,0.0853,Zara Larsson,0.486,226720,0.713,0.0,2,0.0839,-3.949,0,I Would Like,64,0.0524,121.02799999999999,4,0.297
8,0.0235,Zara Larsson,0.667,172893,0.648,1.52e-05,3,0.0427,-6.398,0,TG4M,61,0.0626,95.031,4,0.589
9,0.578,Zara Larsson,0.6990000000000001,189057,0.435,0.0,1,0.0884,-6.891,1,Sexual - Recorded at Spotify Studios NYC,61,0.111,110.288,4,0.45
0,0.12300000000000001,Amy Winehouse,0.49,240440,0.725,2.68e-05,10,0.0983,-3.304,1,Back To Black,76,0.0392,123.28,4,0.335
1,0.0473,Amy Winehouse,0.434,213760,0.872,1.83e-06,0,0.396,-2.9739999999999998,1,Rehab,72,0.0702,71.515,4,0.732
2,0.0132,Amy Winehouse,0.705,256947,0.8059999999999999,0.00428,9,0.0701,-3.6069999999999998,1,You Know I'm No Good,72,0.0309,103.383,4,0.7340000000000001
3,0.7509999999999999,Amy Winehouse,0.7390000000000001,233733,0.365,1.65e-06,5,0.161,-5.731,0,"Valerie - Live At BBC Radio 1 Live Lounge, London / 2007",65,0.0415,96.095,4,0.6990000000000001
4,0.491,Amy Winehouse,0.643,185187,0.871,0.0,1,0.29,-2.734,0,Tears Dry On Their Own,70,0.11800000000000001,121.569,4,0.452
5,0.317,Amy Winehouse,0.48,154160,0.561,0.006409999999999999,0,0.184,-5.874,1,Love Is A Losing Game,66,0.027000000000000003,164.791,4,0.541
6,0.0405,Amy Winehouse,0.705,169373,0.634,3.53e-05,5,0.349,-6.082999999999999,0,Our Day Will Come,62,0.0282,98.008,4,0.639
7,0.0487,Amy Winehouse,0.8809999999999999,211987,0.522,0.00040599999999999995,0,0.0637,-4.753,1,Stronger Than Me,50,0.0372,91.41799999999999,4,0.7979999999999999
8,0.537,Amy Winehouse,0.59,151573,0.8029999999999999,0.0,4,0.105,-2.5180000000000002,1,Me & Mr Jones,61,0.085,87.851,4,0.47700000000000004
9,0.0746,Amy Winehouse,0.475,141267,0.745,7e-05,9,0.122,-4.928,0,Some Unholy War,60,0.18899999999999997,176.143,4,0.435
0,0.0227,Charli XCX,0.7390000000000001,189000,0.742,1.39e-06,7,0.22899999999999998,-4.586,1,1999,82,0.0329,124.016,4,0.659
1,0.0164,Charli XCX,0.728,221153,0.69,0.0,8,0.10400000000000001,-4.343999999999999,0,"Girls (feat. Cardi B, Bebe Rexha & Charli XCX)",61,0.0524,94.02799999999999,4,0.415
2,0.0646,Charli XCX,0.867,162586,0.545,0.00028900000000000003,2,0.0505,-5.192,1,Boys,70,0.0625,139.94299999999998,4,0.525
3,0.0789,Charli XCX,0.721,172687,0.873,0.0,1,0.0824,-4.7410000000000005,1,Dirty Sexy Money (feat. Charli XCX & French Montana),68,0.11900000000000001,79.943,4,0.552
4,0.154,Charli XCX,0.659,169866,0.9109999999999999,0.000304,4,0.191,-2.28,1,Boom Clap - New version,56,0.0786,91.999,4,0.5760000000000001
5,0.0727,Charli XCX,0.6970000000000001,211240,0.7140000000000001,0.0,4,0.233,-7.872000000000001,1,Moonlight,61,0.23,138.145,4,0.575
6,0.038,Charli XCX,0.632,169597,0.743,0.0,1,0.115,-6.761,1,5 In The Morning,61,0.0464,108.07700000000001,4,0.35700000000000004
7,0.0551,Charli XCX,0.723,220067,0.648,3.6099999999999997e-05,11,0.298,-6.522,0,Playboy Style (feat. Charli XCX & Bhad Bhabie),60,0.0426,151.035,4,0.369
8,0.121,Charli XCX,0.653,219480,0.794,0.0,7,0.365,-3.8280000000000003,1,After The Afterparty (feat. Lil Yachty),59,0.0894,93.008,4,0.645
9,0.0736,Charli XCX,0.851,235737,0.7090000000000001,0.00137,1,0.12,-5.157,0,Out Of My Head (feat. Tove Lo and ALMA),57,0.0694,116.46700000000001,4,0.42
0,0.158,Stefflon Don,0.863,200973,0.84,0.0,1,0.368,-3.7,0,Calypso,57,0.0587,109.977,4,0.934
1,0.34600000000000003,Stefflon Don,0.8959999999999999,213989,0.675,8.11e-06,1,0.262,-3.908,1,Bum Bum Tam Tam,73,0.124,131.999,4,0.659
2,0.0241,Stefflon Don,0.6729999999999999,224728,0.813,0.000271,3,0.10400000000000001,-4.928,0,16 Shots,72,0.0601,95.02600000000001,4,0.529
3,0.0159,Stefflon Don,0.721,203000,0.691,1.87e-06,5,0.28600000000000003,-4.671,1,Scared of Love (feat. RAY BLK & Stefflon Don),40,0.0536,118.01799999999999,4,0.34299999999999997
4,0.00915,Stefflon Don,0.887,177186,0.765,0.000872,2,0.0907,-5.207000000000001,1,Boasty (feat. Idris Elba),68,0.0669,102.958,4,0.456
5,0.122,Stefflon Don,0.544,173438,0.621,0.0,1,0.10099999999999999,-4.5569999999999995,1,Senseless - Remix,66,0.139,101.337,4,0.747
6,0.102,Stefflon Don,0.535,212815,0.794,1.52e-05,0,0.14400000000000002,-4.933,1,Hurtin' Me,65,0.161,203.71200000000002,4,0.799
7,0.0917,Stefflon Don,0.816,187837,0.6809999999999999,2.7000000000000002e-05,2,0.146,-4.877,1,Cigarette,64,0.063,115.085,4,0.5379999999999999
8,0.17800000000000002,Stefflon Don,0.774,221280,0.688,4e-06,2,0.0701,-5.088,0,PUSH BACK,57,0.0459,107.01100000000001,4,0.745
9,0.39,Stefflon Don,0.695,212039,0.64,0.0,9,0.10099999999999999,-4.6,0,Diamond Body,56,0.213,102.85,4,0.4
